uprn,versiondate,versionavailablefromdate,versionavailabletodate,changetype,theme,description,organisationname,poboxnumber,subname,name,number,streetname,locality,townname,islandname,postcode,fulladdress,country,alternatelanguagesubname,alternatelanguagename,alternatelanguagenumber,alternatelanguagestreetname,alternatelanguagelocality,alternatelanguagetownname,alternatelanguageislandname,alternatelanguage,alternatelanguagefulladdress,floorlevel,lowestfloorlevel,highestfloorlevel,classificationcode,classificationdescription,primaryclassificationdescription,secondaryclassificationdescription,tertiaryclassificationdescription,quaternaryclassificationdescription,buildstatus,buildstatusdate,addressstatus,postcodesource,parentuprn,rootuprn,hierarchylevel,usrn,usrnmatchindicator,localcustodiancode,localcustodiandescription,lowertierlocalauthoritygsscode,easting,northing,latitude,longitude,positionalaccuracy,effectivestartdate,effectiveenddate
185084646,2025-09-24,2025-09-25T00:00:00.000Z,NULL,New,Address,Built Address,NULL,NULL,NULL,NULL,2,PORTER PARK,NULL,BELFAST,NULL,BT10 0BU,"2, PORTER PARK, BELFAST, BT10 0BU",Northern Ireland,NULL,NULL,NULL,NULL,NULL,NULL,NULL,NULL,NULL,NULL,NULL,NULL,RD03,Semi-Detached,Residential,Dwelling,Semi-Detached,NULL,Built Complete,2016-01-29,Approved,A record which is linked to a Royal Mail address,NULL,185084646,1,50307002,Manually Matched,8132,BELFAST,NULL,142435.38,525499.35,54.5589721,-5.9853076,Central Internal Position,2016-01-29,NULL
185085404,2025-09-24,2025-09-25T00:00:00.000Z,NULL,New,Address,Built Address,NULL,NULL,NULL,NULL,24,GARRON CRESCENT,NULL,BELFAST,NULL,BT10 0EQ,"24, GARRON CRESCENT, BELFAST, BT10 0EQ",Northern Ireland,NULL,NULL,NULL,NULL,NULL,NULL,NULL,NULL,NULL,NULL,NULL,NULL,RD04,Terraced,Residential,Dwelling,Terraced,NULL,Built Complete,2016-01-29,Approved,A record which is linked to a Royal Mail address,NULL,185085404,1,50310448,Manually Matched,8132,BELFAST,NULL,142940.63,525303.53,54.5574734,-5.9773427,Central Internal Position,2016-01-29,NULL
185084660,2025-09-24,2025-09-25T00:00:00.000Z,NULL,New,Address,Built Address,NULL,NULL,NULL,NULL,8,PORTER PARK,NULL,BELFAST,NULL,BT10 0BU,"8, PORTER PARK, BELFAST, BT10 0BU",Northern Ireland,NULL,NULL,NULL,NULL,NULL,NULL,NULL,NULL,NULL,NULL,NULL,NULL,RD03,Semi-Detached,Residential,Dwelling,Semi-Detached,NULL,Built Complete,2016-01-29,Approved,A record which is linked to a Royal Mail address,NULL,185084660,1,50307002,Manually Matched,8132,BELFAST,NULL,142416.82,525481.86,54.5588059,-5.9855787,Central Internal Position,2016-01-29,NULL
185085393,2025-09-24,2025-09-25T00:00:00.000Z,NULL,New,Address,Built Address,NULL,NULL,NULL,NULL,14,GARRON CRESCENT,NULL,BELFAST,NULL,BT10 0EQ,"14, GARRON CRESCENT, BELFAST, BT10 0EQ",Northern Ireland,NULL,NULL,NULL,NULL,NULL,NULL,NULL,NULL,NULL,NULL,NULL,NULL,RD04,Terraced,Residential,Dwelling,Terraced,NULL,Built Complete,2016-01-29,Approved,A record which is linked to a Royal Mail address,NULL,185085393,1,50310448,Manually Matched,8132,BELFAST,NULL,142972.89,525281.70,54.5572940,-5.9768259,Central Internal Position,2016-01-29,NULL
185750405,2025-09-24,2025-09-25T00:00:00.000Z,NULL,New,Address,Built Address,BELFAST HEALTH & SOCIAL CARE TRUST,NULL,OFFICE GD FLOOR,FINAGHY HEALTH CENTRE,13-25,FINAGHY ROAD SOUTH,NULL,BELFAST,NULL,BT10 0BX,"BELFAST HEALTH & SOCIAL CARE TRUST, OFFICE GD FLOOR, FINAGHY HEALTH CENTRE, 13-25, FINAGHY ROAD SOUTH, BELFAST, BT10 0BX",Northern Ireland,NULL,NULL,NULL,NULL,NULL,NULL,NULL,NULL,NULL,NULL,NULL,NULL,C,Commercial,Commercial,NULL,NULL,NULL,Built Complete,2016-01-29,Approved,A record which has a classification indicating that it is capable of receiving mail but is not linked to a Royal Mail address,191013145,191013145,2,50309317,Manually Matched,8132,BELFAST,NULL,142494.96,525620.74,54.5600906,-5.9844949,Central Internal Position,2016-01-29,NULL
185084651,2025-09-24,2025-09-25T00:00:00.000Z,NULL,New,Address,Built Address,NULL,NULL,NULL,NULL,24,PORTER PARK,NULL,BELFAST,NULL,BT10 0BU,"24, PORTER PARK, BELFAST, BT10 0BU",Northern Ireland,NULL,NULL,NULL,NULL,NULL,NULL,NULL,NULL,NULL,NULL,NULL,NULL,RD03,Semi-Detached,Residential,Dwelling,Semi-Detached,NULL,Built Complete,2016-01-29,Approved,A record which is linked to a Royal Mail address,NULL,185084651,1,50307002,Manually Matched,8132,BELFAST,NULL,142360.05,525428.50,54.5582985,-5.9864076,Central Internal Position,2016-01-29,NULL
185085391,2025-09-24,2025-09-25T00:00:00.000Z,NULL,New,Address,Built Address,NULL,NULL,NULL,NULL,12,GARRON CRESCENT,NULL,BELFAST,NULL,BT10 0EQ,"12, GARRON CRESCENT, BELFAST, BT10 0EQ",Northern Ireland,NULL,NULL,NULL,NULL,NULL,NULL,NULL,NULL,NULL,NULL,NULL,NULL,RD04,Terraced,Residential,Dwelling,Terraced,NULL,Built Complete,2016-01-29,Approved,A record which is linked to a Royal Mail address,NULL,185085391,1,50310448,Manually Matched,8132,BELFAST,NULL,142982.60,525277.85,54.5572645,-5.9766728,Central Internal Position,2016-01-29,NULL
185878165,2025-09-24,2025-09-25T00:00:00.000Z,NULL,New,Address,Built Address,NULL,NULL,NULL,NULL,48,GARRON CRESCENT,NULL,BELFAST,NULL,BT10 0EQ,"48, GARRON CRESCENT, BELFAST, BT10 0EQ",Northern Ireland,NULL,NULL,NULL,NULL,NULL,NULL,NULL,NULL,NULL,NULL,NULL,NULL,RD04,Terraced,Residential,Dwelling,Terraced,NULL,Built Complete,2016-01-29,Approved,A record which is linked to a Royal Mail address,NULL,185878165,1,50310448,Manually Matched,8132,BELFAST,NULL,142856.92,525345.83,54.5578101,-5.9786710,Central Internal Position,2016-01-29,NULL
185084657,2025-09-24,2025-09-25T00:00:00.000Z,NULL,New,Address,Built Address,NULL,NULL,NULL,NULL,5,PORTER PARK,NULL,BELFAST,NULL,BT10 0BU,"5, PORTER PARK, BELFAST, BT10 0BU",Northern Ireland,NULL,NULL,NULL,NULL,NULL,NULL,NULL,NULL,NULL,NULL,NULL,NULL,RD03,Semi-Detached,Residential,Dwelling,Semi-Detached,NULL,Built Complete,2016-01-29,Approved,A record which is linked to a Royal Mail address,NULL,185084657,1,50307002,Manually Matched,8132,BELFAST,NULL,142433.21,525532.66,54.5592696,-5.9853703,Central Internal Position,2016-01-29,NULL
185085428,2025-09-24,2025-09-25T00:00:00.000Z,NULL,New,Address,Built Address,NULL,NULL,NULL,NULL,46,GARRON CRESCENT,NULL,BELFAST,NULL,BT10 0EQ,"46, GARRON CRESCENT, BELFAST, BT10 0EQ",Northern Ireland,NULL,NULL,NULL,NULL,NULL,NULL,NULL,NULL,NULL,NULL,NULL,NULL,RD04,Terraced,Residential,Dwelling,Terraced,NULL,Built Complete,2016-01-29,Approved,A record which is linked to a Royal Mail address,NULL,185085428,1,50310448,Manually Matched,8132,BELFAST,NULL,142862.89,525345.32,54.5578085,-5.9785783,Central Internal Position,2016-01-29,NULL
187566600,2025-09-24,2025-09-25T00:00:00.000Z,NULL,New,Address,Built Address,IRWIN PRACTICE,NULL,PRACTICE 1,FINAGHY HEALTH CENTRE,13-25,FINAGHY ROAD SOUTH,NULL,BELFAST,NULL,BT10 0BX,"IRWIN PRACTICE, PRACTICE 1, FINAGHY HEALTH CENTRE, 13-25, FINAGHY ROAD SOUTH, BELFAST, BT10 0BX",Northern Ireland,NULL,NULL,NULL,NULL,NULL,NULL,NULL,NULL,NULL,NULL,NULL,NULL,C,Commercial,Commercial,NULL,NULL,NULL,Built Complete,2016-01-29,Approved,A record which has a classification indicating that it is capable of receiving mail but is not linked to a Royal Mail address,191013145,191013145,2,50309317,Manually Matched,8132,BELFAST,NULL,142494.96,525620.74,54.5600906,-5.9844949,Central Internal Position,2016-01-29,NULL
185084642,2025-09-24,2025-09-25T00:00:00.000Z,NULL,New,Address,Built Address,NULL,NULL,NULL,NULL,16,PORTER PARK,NULL,BELFAST,NULL,BT10 0BU,"16, PORTER PARK, BELFAST, BT10 0BU",Northern Ireland,NULL,NULL,NULL,NULL,NULL,NULL,NULL,NULL,NULL,NULL,NULL,NULL,RD03,Semi-Detached,Residential,Dwelling,Semi-Detached,NULL,Built Complete,2016-01-29,Approved,A record which is linked to a Royal Mail address,NULL,185084642,1,50307002,Manually Matched,8132,BELFAST,NULL,142389.26,525453.10,54.5585340,-5.9859786,Central Internal Position,2016-01-29,NULL
185084644,2025-09-24,2025-09-25T00:00:00.000Z,NULL,New,Address,Built Address,NULL,NULL,NULL,NULL,18,PORTER PARK,NULL,BELFAST,NULL,BT10 0BU,"18, PORTER PARK, BELFAST, BT10 0BU",Northern Ireland,NULL,NULL,NULL,NULL,NULL,NULL,NULL,NULL,NULL,NULL,NULL,NULL,RD03,Semi-Detached,Residential,Dwelling,Semi-Detached,NULL,Built Complete,2016-01-29,Approved,A record which is linked to a Royal Mail address,NULL,185084644,1,50307002,Manually Matched,8132,BELFAST,NULL,142378.62,525445.98,54.5584647,-5.9861366,Central Internal Position,2016-01-29,NULL
185750407,2025-09-24,2025-09-25T00:00:00.000Z,NULL,New,Address,Built Address,NULL,NULL,FLAT 1ST FLOOR,FINAGHY HEALTH CENTRE,13-25,FINAGHY ROAD SOUTH,NULL,BELFAST,NULL,BT10 0BX,"FLAT 1ST FLOOR, FINAGHY HEALTH CENTRE, 13-25, FINAGHY ROAD SOUTH, BELFAST, BT10 0BX",Northern Ireland,NULL,NULL,NULL,NULL,NULL,NULL,NULL,NULL,NULL,NULL,NULL,NULL,RD06,Self Contained Flat (Includes Maisonette / Apartment),Residential,Dwelling,Self Contained Flat (Includes Maisonette / Apartment),NULL,Built Complete,2016-01-29,Approved,A record which has a classification indicating that it is capable of receiving mail but is not linked to a Royal Mail address,191013145,191013145,2,50309317,Manually Matched,8132,BELFAST,NULL,142494.96,525620.74,54.5600906,-5.9844949,Central Internal Position,2016-01-29,NULL
191016283,2025-09-24,2025-09-25T00:00:00.000Z,NULL,New,Address,Built Address,NULL,NULL,NULL,RATHMORE GRAMMAR SCHOOL,NULL,KINGSWAY,FINAGHY,BELFAST,NULL,BT10 0LF,"RATHMORE GRAMMAR SCHOOL, KINGSWAY, FINAGHY, BELFAST, BT10 0LF",Northern Ireland,NULL,NULL,NULL,NULL,NULL,NULL,NULL,NULL,NULL,NULL,NULL,NULL,PP,Property Shell,Parent Shell,Property Shell,NULL,NULL,Built Complete,2016-01-29,Approved,A record which has a classification indicating that it is not capable of receiving mail and is not linked to a Royal Mail address,NULL,191016283,1,50308306,Manually Matched,8132,BELFAST,NULL,141974.19,524508.85,54.5498574,-5.9915532,General Internal Position,2016-01-29,NULL
185085419,2025-09-24,2025-09-25T00:00:00.000Z,NULL,New,Address,Built Address,NULL,NULL,NULL,NULL,38,GARRON CRESCENT,NULL,BELFAST,NULL,BT10 0EQ,"38, GARRON CRESCENT, BELFAST, BT10 0EQ",Northern Ireland,NULL,NULL,NULL,NULL,NULL,NULL,NULL,NULL,NULL,NULL,NULL,NULL,RD04,Terraced,Residential,Dwelling,Terraced,NULL,Built Complete,2016-01-29,Approved,A record which is linked to a Royal Mail address,NULL,185085419,1,50310448,Manually Matched,8132,BELFAST,NULL,142889.78,525330.97,54.5576936,-5.9781511,Central Internal Position,2016-01-29,NULL
185878194,2025-09-24,2025-09-25T00:00:00.000Z,NULL,New,Address,Built Address,NULL,NULL,NULL,NULL,31,GARRON CRESCENT,NULL,BELFAST,NULL,BT10 0EQ,"31, GARRON CRESCENT, BELFAST, BT10 0EQ",Northern Ireland,NULL,NULL,NULL,NULL,NULL,NULL,NULL,NULL,NULL,NULL,NULL,NULL,RD04,Terraced,Residential,Dwelling,Terraced,NULL,Built Complete,2016-01-29,Approved,A record which is linked to a Royal Mail address,NULL,185878194,1,50310448,Manually Matched,8132,BELFAST,NULL,142934.65,525339.18,54.5577899,-5.9774661,Central Internal Position,2016-01-29,NULL
185084650,2025-09-24,2025-09-25T00:00:00.000Z,NULL,New,Address,Built Address,NULL,NULL,NULL,NULL,23,PORTER PARK,NULL,BELFAST,NULL,BT10 0BU,"23, PORTER PARK, BELFAST, BT10 0BU",Northern Ireland,NULL,NULL,NULL,NULL,NULL,NULL,NULL,NULL,NULL,NULL,NULL,NULL,RD03,Semi-Detached,Residential,Dwelling,Semi-Detached,NULL,Built Complete,2016-01-29,Approved,A record which is linked to a Royal Mail address,NULL,185084650,1,50307002,Manually Matched,8132,BELFAST,NULL,142379.86,525484.02,54.5588064,-5.9861506,Central Internal Position,2016-01-29,NULL
185085397,2025-09-24,2025-09-25T00:00:00.000Z,NULL,New,Address,Built Address,NULL,NULL,NULL,NULL,18,GARRON CRESCENT,NULL,BELFAST,NULL,BT10 0EQ,"18, GARRON CRESCENT, BELFAST, BT10 0EQ",Northern Ireland,NULL,NULL,NULL,NULL,NULL,NULL,NULL,NULL,NULL,NULL,NULL,NULL,RD04,Terraced,Residential,Dwelling,Terraced,NULL,Built Complete,2016-01-29,Approved,A record which is linked to a Royal Mail address,NULL,185085397,1,50310448,Manually Matched,8132,BELFAST,NULL,142961.53,525289.70,54.5573600,-5.9770082,Central Internal Position,2016-01-29,NULL
185085432,2025-09-24,2025-09-25T00:00:00.000Z,NULL,New,Address,Built Address,NULL,NULL,NULL,NULL,5,GARRON CRESCENT,NULL,BELFAST,NULL,BT10 0EQ,"5, GARRON CRESCENT, BELFAST, BT10 0EQ",Northern Ireland,NULL,NULL,NULL,NULL,NULL,NULL,NULL,NULL,NULL,NULL,NULL,NULL,RD04,Terraced,Residential,Dwelling,Terraced,NULL,Built Complete,2016-01-29,Approved,A record which is linked to a Royal Mail address,NULL,185085432,1,50310448,Manually Matched,8132,BELFAST,NULL,143012.44,525286.34,54.5573558,-5.9762200,Central Internal Position,2016-01-29,NULL
185750618,2025-09-24,2025-09-25T00:00:00.000Z,NULL,New,Address,Built Address,NULL,NULL,1,RATHMORE GRAMMAR SCHOOL,NULL,KINGSWAY,FINAGHY,BELFAST,NULL,BT10 0LF,"1, RATHMORE GRAMMAR SCHOOL, KINGSWAY, FINAGHY, BELFAST, BT10 0LF",Northern Ireland,NULL,NULL,NULL,NULL,NULL,NULL,NULL,NULL,NULL,NULL,NULL,NULL,CE,Education,Commercial,Education,NULL,NULL,Built Complete,2016-01-29,Approved,A record which has a classification indicating that it is capable of receiving mail but is not linked to a Royal Mail address,191016283,191016283,2,50308306,Manually Matched,8132,BELFAST,NULL,141974.19,524508.85,54.5498574,-5.9915532,Central Internal Position,2016-01-29,NULL
185085415,2025-09-24,2025-09-25T00:00:00.000Z,NULL,New,Address,Built Address,NULL,NULL,NULL,NULL,34,GARRON CRESCENT,NULL,BELFAST,NULL,BT10 0EQ,"34, GARRON CRESCENT, BELFAST, BT10 0EQ",Northern Ireland,NULL,NULL,NULL,NULL,NULL,NULL,NULL,NULL,NULL,NULL,NULL,NULL,RD04,Terraced,Residential,Dwelling,Terraced,NULL,Built Complete,2016-01-29,Approved,A record which is linked to a Royal Mail address,NULL,185085415,1,50310448,Manually Matched,8132,BELFAST,NULL,142906.12,525322.54,54.5576263,-5.9778916,Central Internal Position,2016-01-29,NULL
185750885,2025-09-24,2025-09-25T00:00:00.000Z,NULL,New,Address,Built Address,ST. MARYS CHRISTIAN BROTHERS GRAMMAR SCHOOL,NULL,NULL,ST MARYS CHRISTIAN BROTHERS GRAMMAR SCHOOL,147A,GLEN ROAD,ANDERSONSTOWN,BELFAST,NULL,BT11 8NR,"ST. MARYS CHRISTIAN BROTHERS GRAMMAR SCHOOL, ST MARYS CHRISTIAN BROTHERS GRAMMAR SCHOOL, 147A, GLEN ROAD, ANDERSONSTOWN, BELFAST, BT11 8NR",Northern Ireland,NULL,NULL,NULL,NULL,NULL,NULL,NULL,NULL,NULL,NULL,NULL,NULL,CE,Education,Commercial,Education,NULL,NULL,Built Complete,2024-09-25,Approved,A record which has a classification indicating that it is capable of receiving mail but is not linked to a Royal Mail address,NULL,185750885,1,50309230,Manually Matched,8132,BELFAST,NULL,141581.24,528175.46,54.5825277,-6.0008359,Central Internal Position,2005-09-16,NULL
185085392,2025-09-24,2025-09-25T00:00:00.000Z,NULL,New,Address,Built Address,NULL,NULL,NULL,NULL,13,GARRON CRESCENT,NULL,BELFAST,NULL,BT10 0EQ,"13, GARRON CRESCENT, BELFAST, BT10 0EQ",Northern Ireland,NULL,NULL,NULL,NULL,NULL,NULL,NULL,NULL,NULL,NULL,NULL,NULL,RD04,Terraced,Residential,Dwelling,Terraced,NULL,Built Complete,2016-01-29,Approved,A record which is linked to a Royal Mail address,NULL,185085392,1,50310448,Manually Matched,8132,BELFAST,NULL,142989.06,525306.41,54.5575238,-5.9765981,Central Internal Position,2016-01-29,NULL
185000010,2025-09-24,2025-09-25T00:00:00.000Z,NULL,New,Address,Built Address,PRIMARK LTD,NULL,NULL,NULL,1-27,CASTLE STREET,NULL,BELFAST,NULL,BT1 1BL,"PRIMARK LTD, 1-27, CASTLE STREET, BELFAST, BT1 1BL",Northern Ireland,NULL,NULL,NULL,NULL,NULL,NULL,NULL,NULL,NULL,NULL,NULL,NULL,CR,Retail,Commercial,Retail,NULL,NULL,Built Complete,2016-01-29,Approved,A record which is linked to a Royal Mail address,NULL,185000010,1,50306910,Manually Matched,8132,BELFAST,NULL,146208.31,529786.06,54.5993112,-5.9308078,Central Internal Position,2016-01-29,NULL
185000057,2025-09-24,2025-09-25T00:00:00.000Z,NULL,New,Address,Built Address,NULL,NULL,ROOM 211,CASTLECOURT,12-56,ROYAL AVENUE,NULL,BELFAST,NULL,BT1 1DF,"ROOM 211, CASTLECOURT, 12-56, ROYAL AVENUE, BELFAST, BT1 1DF",Northern Ireland,NULL,NULL,NULL,NULL,NULL,NULL,NULL,NULL,NULL,NULL,NULL,NULL,U,Unclassified,Unclassified,NULL,NULL,NULL,Built Complete,2023-09-13,Approved,A record which is linked to a Royal Mail address,191012848,191012848,2,50309257,Manually Matched,8132,BELFAST,NULL,145992.96,529944.03,54.6006193,-5.9342700,Central Internal Position,2016-01-29,NULL
185084635,2025-09-24,2025-09-25T00:00:00.000Z,NULL,New,Address,Built Address,NULL,NULL,NULL,NULL,1,PORTER PARK,NULL,BELFAST,NULL,BT10 0BU,"1, PORTER PARK, BELFAST, BT10 0BU",Northern Ireland,NULL,NULL,NULL,NULL,NULL,NULL,NULL,NULL,NULL,NULL,NULL,NULL,RD03,Semi-Detached,Residential,Dwelling,Semi-Detached,NULL,Built Complete,2016-01-29,Approved,A record which is linked to a Royal Mail address,NULL,185084635,1,50307002,Manually Matched,8132,BELFAST,NULL,142444.63,525548.75,54.5594197,-5.9852083,Central Internal Position,2016-01-29,NULL
185084636,2025-09-24,2025-09-25T00:00:00.000Z,NULL,New,Address,Built Address,NULL,NULL,NULL,NULL,10,PORTER PARK,NULL,BELFAST,NULL,BT10 0BU,"10, PORTER PARK, BELFAST, BT10 0BU",Northern Ireland,NULL,NULL,NULL,NULL,NULL,NULL,NULL,NULL,NULL,NULL,NULL,NULL,RD03,Semi-Detached,Residential,Dwelling,Semi-Detached,NULL,Built Complete,2016-01-29,Approved,A record which is linked to a Royal Mail address,NULL,185084636,1,50307002,Manually Matched,8132,BELFAST,NULL,142407.91,525471.58,54.5587092,-5.9857071,Central Internal Position,2016-01-29,NULL
185084637,2025-09-24,2025-09-25T00:00:00.000Z,NULL,New,Address,Built Address,NULL,NULL,NULL,NULL,11,PORTER PARK,NULL,BELFAST,NULL,BT10 0BU,"11, PORTER PARK, BELFAST, BT10 0BU",Northern Ireland,NULL,NULL,NULL,NULL,NULL,NULL,NULL,NULL,NULL,NULL,NULL,NULL,RD03,Semi-Detached,Residential,Dwelling,Semi-Detached,NULL,Built Complete,2016-01-29,Approved,A record which is linked to a Royal Mail address,NULL,185084637,1,50307002,Manually Matched,8132,BELFAST,NULL,142421.14,525520.64,54.5591557,-5.9855459,Central Internal Position,2016-01-29,NULL
185084638,2025-09-24,2025-09-25T00:00:00.000Z,NULL,New,Address,Built Address,NULL,NULL,NULL,NULL,12,PORTER PARK,NULL,BELFAST,NULL,BT10 0BU,"12, PORTER PARK, BELFAST, BT10 0BU",Northern Ireland,NULL,NULL,NULL,NULL,NULL,NULL,NULL,NULL,NULL,NULL,NULL,NULL,RD03,Semi-Detached,Residential,Dwelling,Semi-Detached,NULL,Built Complete,2016-01-29,Approved,A record which is linked to a Royal Mail address,NULL,185084638,1,50307002,Manually Matched,8132,BELFAST,NULL,142403.50,525466.94,54.5586653,-5.9857711,Central Internal Position,2016-01-29,NULL
185084639,2025-09-24,2025-09-25T00:00:00.000Z,NULL,New,Address,Built Address,NULL,NULL,NULL,NULL,13,PORTER PARK,NULL,BELFAST,NULL,BT10 0BU,"13, PORTER PARK, BELFAST, BT10 0BU",Northern Ireland,NULL,NULL,NULL,NULL,NULL,NULL,NULL,NULL,NULL,NULL,NULL,NULL,RD03,Semi-Detached,Residential,Dwelling,Semi-Detached,NULL,Built Complete,2016-01-29,Approved,A record which is linked to a Royal Mail address,NULL,185084639,1,50307002,Manually Matched,8132,BELFAST,NULL,142415.73,525516.09,54.5591121,-5.9856254,Central Internal Position,2016-01-29,NULL
185084640,2025-09-24,2025-09-25T00:00:00.000Z,NULL,New,Address,Built Address,NULL,NULL,NULL,NULL,14,PORTER PARK,NULL,BELFAST,NULL,BT10 0BU,"14, PORTER PARK, BELFAST, BT10 0BU",Northern Ireland,NULL,NULL,NULL,NULL,NULL,NULL,NULL,NULL,NULL,NULL,NULL,NULL,RD03,Semi-Detached,Residential,Dwelling,Semi-Detached,NULL,Built Complete,2016-01-29,Approved,A record which is linked to a Royal Mail address,NULL,185084640,1,50307002,Manually Matched,8132,BELFAST,NULL,142393.76,525458.74,54.5585868,-5.9859141,Central Internal Position,2016-01-29,NULL
185084641,2025-09-24,2025-09-25T00:00:00.000Z,NULL,New,Address,Built Address,NULL,NULL,NULL,NULL,15,PORTER PARK,NULL,BELFAST,NULL,BT10 0BU,"15, PORTER PARK, BELFAST, BT10 0BU",Northern Ireland,NULL,NULL,NULL,NULL,NULL,NULL,NULL,NULL,NULL,NULL,NULL,NULL,RD03,Semi-Detached,Residential,Dwelling,Semi-Detached,NULL,Built Complete,2016-01-29,Approved,A record which is linked to a Royal Mail address,NULL,185084641,1,50307002,Manually Matched,8132,BELFAST,NULL,142406.17,525509.88,54.5590516,-5.9857675,Central Internal Position,2016-01-29,NULL
185084643,2025-09-24,2025-09-25T00:00:00.000Z,NULL,New,Address,Built Address,NULL,NULL,NULL,NULL,17,PORTER PARK,NULL,BELFAST,NULL,BT10 0BU,"17, PORTER PARK, BELFAST, BT10 0BU",Northern Ireland,NULL,NULL,NULL,NULL,NULL,NULL,NULL,NULL,NULL,NULL,NULL,NULL,RD03,Semi-Detached,Residential,Dwelling,Semi-Detached,NULL,Built Complete,2016-01-29,Approved,A record which is linked to a Royal Mail address,NULL,185084643,1,50307002,Manually Matched,8132,BELFAST,NULL,142400.76,525505.32,54.5590080,-5.9858470,Central Internal Position,2016-01-29,NULL
185084645,2025-09-24,2025-09-25T00:00:00.000Z,NULL,New,Address,Built Address,NULL,NULL,NULL,NULL,19,PORTER PARK,NULL,BELFAST,NULL,BT10 0BU,"19, PORTER PARK, BELFAST, BT10 0BU",Northern Ireland,NULL,NULL,NULL,NULL,NULL,NULL,NULL,NULL,NULL,NULL,NULL,NULL,RD03,Semi-Detached,Residential,Dwelling,Semi-Detached,NULL,Built Complete,2016-01-29,Approved,A record which is linked to a Royal Mail address,NULL,185084645,1,50307002,Manually Matched,8132,BELFAST,NULL,142393.02,525496.95,54.5589290,-5.9859591,Central Internal Position,2016-01-29,NULL
185084647,2025-09-24,2025-09-25T00:00:00.000Z,NULL,New,Address,Built Address,NULL,NULL,NULL,NULL,20,PORTER PARK,NULL,BELFAST,NULL,BT10 0BU,"20, PORTER PARK, BELFAST, BT10 0BU",Northern Ireland,NULL,NULL,NULL,NULL,NULL,NULL,NULL,NULL,NULL,NULL,NULL,NULL,RD03,Semi-Detached,Residential,Dwelling,Semi-Detached,NULL,Built Complete,2016-01-29,Approved,A record which is linked to a Royal Mail address,NULL,185084647,1,50307002,Manually Matched,8132,BELFAST,NULL,142373.21,525441.43,54.5584211,-5.9862160,Central Internal Position,2016-01-29,NULL
185084648,2025-09-24,2025-09-25T00:00:00.000Z,NULL,New,Address,Built Address,NULL,NULL,NULL,NULL,21,PORTER PARK,NULL,BELFAST,NULL,BT10 0BU,"21, PORTER PARK, BELFAST, BT10 0BU",Northern Ireland,NULL,NULL,NULL,NULL,NULL,NULL,NULL,NULL,NULL,NULL,NULL,NULL,RD03,Semi-Detached,Residential,Dwelling,Semi-Detached,NULL,Built Complete,2016-01-29,Approved,A record which is linked to a Royal Mail address,NULL,185084648,1,50307002,Manually Matched,8132,BELFAST,NULL,142387.61,525492.39,54.5588854,-5.9860385,Central Internal Position,2016-01-29,NULL
185084649,2025-09-24,2025-09-25T00:00:00.000Z,NULL,New,Address,Built Address,NULL,NULL,NULL,NULL,22,PORTER PARK,NULL,BELFAST,NULL,BT10 0BU,"22, PORTER PARK, BELFAST, BT10 0BU",Northern Ireland,NULL,NULL,NULL,NULL,NULL,NULL,NULL,NULL,NULL,NULL,NULL,NULL,RD03,Semi-Detached,Residential,Dwelling,Semi-Detached,NULL,Built Complete,2016-01-29,Approved,A record which is linked to a Royal Mail address,NULL,185084649,1,50307002,Manually Matched,8132,BELFAST,NULL,142365.46,525433.05,54.5583421,-5.9863281,Central Internal Position,2016-01-29,NULL
185084652,2025-09-24,2025-09-25T00:00:00.000Z,NULL,New,Address,Built Address,NULL,NULL,NULL,NULL,25,PORTER PARK,NULL,BELFAST,NULL,BT10 0BU,"25, PORTER PARK, BELFAST, BT10 0BU",Northern Ireland,NULL,NULL,NULL,NULL,NULL,NULL,NULL,NULL,NULL,NULL,NULL,NULL,RD03,Semi-Detached,Residential,Dwelling,Semi-Detached,NULL,Built Complete,2016-01-29,Approved,A record which is linked to a Royal Mail address,NULL,185084652,1,50307002,Manually Matched,8132,BELFAST,NULL,142374.54,525480.46,54.5587718,-5.9862296,Central Internal Position,2016-01-29,NULL
185084653,2025-09-24,2025-09-25T00:00:00.000Z,NULL,New,Address,Built Address,NULL,NULL,NULL,NULL,27,PORTER PARK,NULL,BELFAST,NULL,BT10 0BU,"27, PORTER PARK, BELFAST, BT10 0BU",Northern Ireland,NULL,NULL,NULL,NULL,NULL,NULL,NULL,NULL,NULL,NULL,NULL,NULL,RD03,Semi-Detached,Residential,Dwelling,Semi-Detached,NULL,Built Complete,2016-01-29,Approved,A record which is linked to a Royal Mail address,NULL,185084653,1,50307002,Manually Matched,8132,BELFAST,NULL,142367.71,525471.01,54.5586836,-5.9863268,Central Internal Position,2016-01-29,NULL
185084654,2025-09-24,2025-09-25T00:00:00.000Z,NULL,New,Address,Built Address,NULL,NULL,NULL,NULL,29,PORTER PARK,NULL,BELFAST,NULL,BT10 0BU,"29, PORTER PARK, BELFAST, BT10 0BU",Northern Ireland,NULL,NULL,NULL,NULL,NULL,NULL,NULL,NULL,NULL,NULL,NULL,NULL,RD03,Semi-Detached,Residential,Dwelling,Semi-Detached,NULL,Built Complete,2016-01-29,Approved,A record which is linked to a Royal Mail address,NULL,185084654,1,50307002,Manually Matched,8132,BELFAST,NULL,142362.30,525466.45,54.5586399,-5.9864062,Central Internal Position,2016-01-29,NULL
185084655,2025-09-24,2025-09-25T00:00:00.000Z,NULL,New,Address,Built Address,NULL,NULL,NULL,NULL,3,PORTER PARK,NULL,BELFAST,NULL,BT10 0BU,"3, PORTER PARK, BELFAST, BT10 0BU",Northern Ireland,NULL,NULL,NULL,NULL,NULL,NULL,NULL,NULL,NULL,NULL,NULL,NULL,RD03,Semi-Detached,Residential,Dwelling,Semi-Detached,NULL,Built Complete,2016-01-29,Approved,A record which is linked to a Royal Mail address,NULL,185084655,1,50307002,Manually Matched,8132,BELFAST,NULL,142441.04,525542.03,54.5593576,-5.9852577,Central Internal Position,2016-01-29,NULL
185084656,2025-09-24,2025-09-25T00:00:00.000Z,NULL,New,Address,Built Address,NULL,NULL,NULL,NULL,4,PORTER PARK,NULL,BELFAST,NULL,BT10 0BU,"4, PORTER PARK, BELFAST, BT10 0BU",Northern Ireland,NULL,NULL,NULL,NULL,NULL,NULL,NULL,NULL,NULL,NULL,NULL,NULL,RD03,Semi-Detached,Residential,Dwelling,Semi-Detached,NULL,Built Complete,2016-01-29,Approved,A record which is linked to a Royal Mail address,NULL,185084656,1,50307002,Manually Matched,8132,BELFAST,NULL,142430.97,525494.71,54.5589282,-5.9853716,Central Internal Position,2016-01-29,NULL
185084658,2025-09-24,2025-09-25T00:00:00.000Z,NULL,New,Address,Built Address,NULL,NULL,NULL,NULL,6,PORTER PARK,NULL,BELFAST,NULL,BT10 0BU,"6, PORTER PARK, BELFAST, BT10 0BU",Northern Ireland,NULL,NULL,NULL,NULL,NULL,NULL,NULL,NULL,NULL,NULL,NULL,NULL,RD03,Semi-Detached,Residential,Dwelling,Semi-Detached,NULL,Built Complete,2016-01-29,Approved,A record which is linked to a Royal Mail address,NULL,185084658,1,50307002,Manually Matched,8132,BELFAST,NULL,142422.23,525486.42,54.5588495,-5.9854992,Central Internal Position,2016-01-29,NULL
185084659,2025-09-24,2025-09-25T00:00:00.000Z,NULL,New,Address,Built Address,NULL,NULL,NULL,NULL,7,PORTER PARK,NULL,BELFAST,NULL,BT10 0BU,"7, PORTER PARK, BELFAST, BT10 0BU",Northern Ireland,NULL,NULL,NULL,NULL,NULL,NULL,NULL,NULL,NULL,NULL,NULL,NULL,RD03,Semi-Detached,Residential,Dwelling,Semi-Detached,NULL,Built Complete,2016-01-29,Approved,A record which is linked to a Royal Mail address,NULL,185084659,1,50307002,Manually Matched,8132,BELFAST,NULL,142428.89,525529.02,54.5592347,-5.9854338,Central Internal Position,2016-01-29,NULL
185089120,2025-09-24,2025-09-25T00:00:00.000Z,NULL,New,Address,Built Address,HANNAHSTOWN CREDIT UNION LTD,NULL,NULL,HANNAHSTOWN CREDIT UNION,NULL,GLEN ROAD,ANDERSONSTOWN,BELFAST,NULL,BT11 8AZ,"HANNAHSTOWN CREDIT UNION LTD, HANNAHSTOWN CREDIT UNION, GLEN ROAD, ANDERSONSTOWN, BELFAST, BT11 8AZ",Northern Ireland,NULL,NULL,NULL,NULL,NULL,NULL,NULL,NULL,NULL,NULL,NULL,NULL,C,Commercial,Commercial,NULL,NULL,NULL,Built Complete,2016-01-29,Approved,A record which has a classification indicating that it is capable of receiving mail but is not linked to a Royal Mail address,NULL,185089120,1,50309230,Manually Matched,8132,BELFAST,NULL,140386.90,527556.90,54.5763708,-6.0187227,Central Internal Position,2016-01-29,NULL
185085388,2025-09-24,2025-09-25T00:00:00.000Z,NULL,New,Address,Built Address,NULL,NULL,NULL,NULL,1,GARRON CRESCENT,NULL,BELFAST,NULL,BT10 0EQ,"1, GARRON CRESCENT, BELFAST, BT10 0EQ",Northern Ireland,NULL,NULL,NULL,NULL,NULL,NULL,NULL,NULL,NULL,NULL,NULL,NULL,RD04,Terraced,Residential,Dwelling,Terraced,NULL,Built Complete,2016-01-29,Approved,A record which is linked to a Royal Mail address,NULL,185085388,1,50310448,Manually Matched,8132,BELFAST,NULL,143022.81,525278.43,54.5572901,-5.9760532,Central Internal Position,2016-01-29,NULL
185085389,2025-09-24,2025-09-25T00:00:00.000Z,NULL,New,Address,Built Address,NULL,NULL,NULL,NULL,10,GARRON CRESCENT,NULL,BELFAST,NULL,BT10 0EQ,"10, GARRON CRESCENT, BELFAST, BT10 0EQ",Northern Ireland,NULL,NULL,NULL,NULL,NULL,NULL,NULL,NULL,NULL,NULL,NULL,NULL,RD04,Terraced,Residential,Dwelling,Terraced,NULL,Built Complete,2016-01-29,Approved,A record which is linked to a Royal Mail address,NULL,185085389,1,50310448,Manually Matched,8132,BELFAST,NULL,142988.24,525273.36,54.5572271,-5.9765819,Central Internal Position,2016-01-29,NULL
185085390,2025-09-24,2025-09-25T00:00:00.000Z,NULL,New,Address,Built Address,NULL,NULL,NULL,NULL,11,GARRON CRESCENT,NULL,BELFAST,NULL,BT10 0EQ,"11, GARRON CRESCENT, BELFAST, BT10 0EQ",Northern Ireland,NULL,NULL,NULL,NULL,NULL,NULL,NULL,NULL,NULL,NULL,NULL,NULL,RD04,Terraced,Residential,Dwelling,Terraced,NULL,Built Complete,2016-01-29,Approved,A record which is linked to a Royal Mail address,NULL,185085390,1,50310448,Manually Matched,8132,BELFAST,NULL,142996.35,525297.76,54.5574499,-5.9764781,Central Internal Position,2016-01-29,NULL
185085394,2025-09-24,2025-09-25T00:00:00.000Z,NULL,New,Address,Built Address,NULL,NULL,NULL,NULL,15,GARRON CRESCENT,NULL,BELFAST,NULL,BT10 0EQ,"15, GARRON CRESCENT, BELFAST, BT10 0EQ",Northern Ireland,NULL,NULL,NULL,NULL,NULL,NULL,NULL,NULL,NULL,NULL,NULL,NULL,RD04,Terraced,Residential,Dwelling,Terraced,NULL,Built Complete,2016-01-29,Approved,A record which is linked to a Royal Mail address,NULL,185085394,1,50310448,Manually Matched,8132,BELFAST,NULL,142984.34,525309.83,54.5575521,-5.9766740,Central Internal Position,2016-01-29,NULL
185085395,2025-09-24,2025-09-25T00:00:00.000Z,NULL,New,Address,Built Address,NULL,NULL,NULL,NULL,16,GARRON CRESCENT,NULL,BELFAST,NULL,BT10 0EQ,"16, GARRON CRESCENT, BELFAST, BT10 0EQ",Northern Ireland,NULL,NULL,NULL,NULL,NULL,NULL,NULL,NULL,NULL,NULL,NULL,NULL,RD04,Terraced,Residential,Dwelling,Terraced,NULL,Built Complete,2016-01-29,Approved,A record which is linked to a Royal Mail address,NULL,185085395,1,50310448,Manually Matched,8132,BELFAST,NULL,142967.26,525286.19,54.5573315,-5.9769168,Central Internal Position,2016-01-29,NULL
185085396,2025-09-24,2025-09-25T00:00:00.000Z,NULL,New,Address,Built Address,NULL,NULL,NULL,NULL,17,GARRON CRESCENT,NULL,BELFAST,NULL,BT10 0EQ,"17, GARRON CRESCENT, BELFAST, BT10 0EQ",Northern Ireland,NULL,NULL,NULL,NULL,NULL,NULL,NULL,NULL,NULL,NULL,NULL,NULL,RD04,Terraced,Residential,Dwelling,Terraced,NULL,Built Complete,2016-01-29,Approved,A record which is linked to a Royal Mail address,NULL,185085396,1,50310448,Manually Matched,8132,BELFAST,NULL,142978.70,525314.33,54.5575895,-5.9767649,Central Internal Position,2016-01-29,NULL
185085398,2025-09-24,2025-09-25T00:00:00.000Z,NULL,New,Address,Built Address,NULL,NULL,NULL,NULL,19,GARRON CRESCENT,NULL,BELFAST,NULL,BT10 0EQ,"19, GARRON CRESCENT, BELFAST, BT10 0EQ",Northern Ireland,NULL,NULL,NULL,NULL,NULL,NULL,NULL,NULL,NULL,NULL,NULL,NULL,RD04,Terraced,Residential,Dwelling,Terraced,NULL,Built Complete,2016-01-29,Approved,A record which is linked to a Royal Mail address,NULL,185085398,1,50310448,Manually Matched,8132,BELFAST,NULL,142972.89,525316.83,54.5576090,-5.9768567,Central Internal Position,2016-01-29,NULL
185085399,2025-09-24,2025-09-25T00:00:00.000Z,NULL,New,Address,Built Address,NULL,NULL,NULL,NULL,2,GARRON CRESCENT,NULL,BELFAST,NULL,BT10 0EQ,"2, GARRON CRESCENT, BELFAST, BT10 0EQ",Northern Ireland,NULL,NULL,NULL,NULL,NULL,NULL,NULL,NULL,NULL,NULL,NULL,NULL,RD04,Terraced,Residential,Dwelling,Terraced,NULL,Built Complete,2016-01-29,Approved,A record which is linked to a Royal Mail address,NULL,185085399,1,50310448,Manually Matched,8132,BELFAST,NULL,143010.97,525257.36,54.5570952,-5.9762174,Central Internal Position,2016-01-29,NULL
185085400,2025-09-24,2025-09-25T00:00:00.000Z,NULL,New,Address,Built Address,NULL,NULL,NULL,NULL,20,GARRON CRESCENT,NULL,BELFAST,NULL,BT10 0EQ,"20, GARRON CRESCENT, BELFAST, BT10 0EQ",Northern Ireland,NULL,NULL,NULL,NULL,NULL,NULL,NULL,NULL,NULL,NULL,NULL,NULL,RD04,Terraced,Residential,Dwelling,Terraced,NULL,Built Complete,2016-01-29,Approved,A record which is linked to a Royal Mail address,NULL,185085400,1,50310448,Manually Matched,8132,BELFAST,NULL,142952.16,525297.52,54.5574254,-5.9771595,Central Internal Position,2016-01-29,NULL
185085401,2025-09-24,2025-09-25T00:00:00.000Z,NULL,New,Address,Built Address,NULL,NULL,NULL,NULL,21,GARRON CRESCENT,NULL,BELFAST,NULL,BT10 0EQ,"21, GARRON CRESCENT, BELFAST, BT10 0EQ",Northern Ireland,NULL,NULL,NULL,NULL,NULL,NULL,NULL,NULL,NULL,NULL,NULL,NULL,RD04,Terraced,Residential,Dwelling,Terraced,NULL,Built Complete,2016-01-29,Approved,A record which is linked to a Royal Mail address,NULL,185085401,1,50310448,Manually Matched,8132,BELFAST,NULL,142963.18,525320.67,54.5576385,-5.9770098,Central Internal Position,2016-01-29,NULL
185085402,2025-09-24,2025-09-25T00:00:00.000Z,NULL,New,Address,Built Address,NULL,NULL,NULL,NULL,22,GARRON CRESCENT,NULL,BELFAST,NULL,BT10 0EQ,"22, GARRON CRESCENT, BELFAST, BT10 0EQ",Northern Ireland,NULL,NULL,NULL,NULL,NULL,NULL,NULL,NULL,NULL,NULL,NULL,NULL,RD04,Terraced,Residential,Dwelling,Terraced,NULL,Built Complete,2016-01-29,Approved,A record which is linked to a Royal Mail address,NULL,185085402,1,50310448,Manually Matched,8132,BELFAST,NULL,142946.35,525300.03,54.5574449,-5.9772513,Central Internal Position,2016-01-29,NULL
185085403,2025-09-24,2025-09-25T00:00:00.000Z,NULL,New,Address,Built Address,NULL,NULL,NULL,NULL,23,GARRON CRESCENT,NULL,BELFAST,NULL,BT10 0EQ,"23, GARRON CRESCENT, BELFAST, BT10 0EQ",Northern Ireland,NULL,NULL,NULL,NULL,NULL,NULL,NULL,NULL,NULL,NULL,NULL,NULL,RD04,Terraced,Residential,Dwelling,Terraced,NULL,Built Complete,2016-01-29,Approved,A record which is linked to a Royal Mail address,NULL,185085403,1,50310448,Manually Matched,8132,BELFAST,NULL,142957.46,525324.17,54.5576670,-5.9771012,Central Internal Position,2016-01-29,NULL
185085405,2025-09-24,2025-09-25T00:00:00.000Z,NULL,New,Address,Built Address,NULL,NULL,NULL,NULL,25,GARRON CRESCENT,NULL,BELFAST,NULL,BT10 0EQ,"25, GARRON CRESCENT, BELFAST, BT10 0EQ",Northern Ireland,NULL,NULL,NULL,NULL,NULL,NULL,NULL,NULL,NULL,NULL,NULL,NULL,RD04,Terraced,Residential,Dwelling,Terraced,NULL,Built Complete,2016-01-29,Approved,A record which is linked to a Royal Mail address,NULL,185085405,1,50310448,Manually Matched,8132,BELFAST,NULL,142951.73,525327.68,54.5576955,-5.9771925,Central Internal Position,2016-01-29,NULL
185085406,2025-09-24,2025-09-25T00:00:00.000Z,NULL,New,Address,Built Address,NULL,NULL,NULL,NULL,26,GARRON CRESCENT,NULL,BELFAST,NULL,BT10 0EQ,"26, GARRON CRESCENT, BELFAST, BT10 0EQ",Northern Ireland,NULL,NULL,NULL,NULL,NULL,NULL,NULL,NULL,NULL,NULL,NULL,NULL,RD04,Terraced,Residential,Dwelling,Terraced,NULL,Built Complete,2016-01-29,Approved,A record which is linked to a Royal Mail address,NULL,185085406,1,50310448,Manually Matched,8132,BELFAST,NULL,142934.99,525308.03,54.5575109,-5.9774336,Central Internal Position,2016-01-29,NULL
185085407,2025-09-24,2025-09-25T00:00:00.000Z,NULL,New,Address,Built Address,NULL,NULL,NULL,NULL,27,GARRON CRESCENT,NULL,BELFAST,NULL,BT10 0EQ,"27, GARRON CRESCENT, BELFAST, BT10 0EQ",Northern Ireland,NULL,NULL,NULL,NULL,NULL,NULL,NULL,NULL,NULL,NULL,NULL,NULL,RD04,Terraced,Residential,Dwelling,Terraced,NULL,Built Complete,2016-01-29,Approved,A record which is linked to a Royal Mail address,NULL,185085407,1,50310448,Manually Matched,8132,BELFAST,NULL,142946.01,525331.18,54.5577240,-5.9772839,Central Internal Position,2016-01-29,NULL
185085408,2025-09-24,2025-09-25T00:00:00.000Z,NULL,New,Address,Built Address,NULL,NULL,NULL,NULL,28,GARRON CRESCENT,NULL,BELFAST,NULL,BT10 0EQ,"28, GARRON CRESCENT, BELFAST, BT10 0EQ",Northern Ireland,NULL,NULL,NULL,NULL,NULL,NULL,NULL,NULL,NULL,NULL,NULL,NULL,RD04,Terraced,Residential,Dwelling,Terraced,NULL,Built Complete,2016-01-29,Approved,A record which is linked to a Royal Mail address,NULL,185085408,1,50310448,Manually Matched,8132,BELFAST,NULL,142928.27,525311.61,54.5575396,-5.9775404,Central Internal Position,2016-01-29,NULL
185085410,2025-09-24,2025-09-25T00:00:00.000Z,NULL,New,Address,Built Address,NULL,NULL,NULL,NULL,3,GARRON CRESCENT,NULL,BELFAST,NULL,BT10 0EQ,"3, GARRON CRESCENT, BELFAST, BT10 0EQ",Northern Ireland,NULL,NULL,NULL,NULL,NULL,NULL,NULL,NULL,NULL,NULL,NULL,NULL,RD04,Terraced,Residential,Dwelling,Terraced,NULL,Built Complete,2016-01-29,Approved,A record which is linked to a Royal Mail address,NULL,185085410,1,50310448,Manually Matched,8132,BELFAST,NULL,143018.17,525282.84,54.5573273,-5.9761286,Central Internal Position,2016-01-29,NULL
185085411,2025-09-24,2025-09-25T00:00:00.000Z,NULL,New,Address,Built Address,NULL,NULL,NULL,NULL,30,GARRON CRESCENT,NULL,BELFAST,NULL,BT10 0EQ,"30, GARRON CRESCENT, BELFAST, BT10 0EQ",Northern Ireland,NULL,NULL,NULL,NULL,NULL,NULL,NULL,NULL,NULL,NULL,NULL,NULL,RD04,Terraced,Residential,Dwelling,Terraced,NULL,Built Complete,2016-01-29,Approved,A record which is linked to a Royal Mail address,NULL,185085411,1,50310448,Manually Matched,8132,BELFAST,NULL,142922.55,525315.12,54.5575681,-5.9776317,Central Internal Position,2016-01-29,NULL
185085413,2025-09-24,2025-09-25T00:00:00.000Z,NULL,New,Address,Built Address,NULL,NULL,NULL,NULL,32,GARRON CRESCENT,NULL,BELFAST,NULL,BT10 0EQ,"32, GARRON CRESCENT, BELFAST, BT10 0EQ",Northern Ireland,NULL,NULL,NULL,NULL,NULL,NULL,NULL,NULL,NULL,NULL,NULL,NULL,RD04,Terraced,Residential,Dwelling,Terraced,NULL,Built Complete,2016-01-29,Approved,A record which is linked to a Royal Mail address,NULL,185085413,1,50310448,Manually Matched,8132,BELFAST,NULL,142911.84,525319.04,54.5575979,-5.9778003,Central Internal Position,2016-01-29,NULL
185085414,2025-09-24,2025-09-25T00:00:00.000Z,NULL,New,Address,Built Address,NULL,NULL,NULL,NULL,33,GARRON CRESCENT,NULL,BELFAST,NULL,BT10 0EQ,"33, GARRON CRESCENT, BELFAST, BT10 0EQ",Northern Ireland,NULL,NULL,NULL,NULL,NULL,NULL,NULL,NULL,NULL,NULL,NULL,NULL,RD04,Terraced,Residential,Dwelling,Terraced,NULL,Built Complete,2016-01-29,Approved,A record which is linked to a Royal Mail address,NULL,185085414,1,50310448,Manually Matched,8132,BELFAST,NULL,142897.89,525355.37,54.5579165,-5.9780473,Central Internal Position,2016-01-29,NULL
185085416,2025-09-24,2025-09-25T00:00:00.000Z,NULL,New,Address,Built Address,NULL,NULL,NULL,NULL,35,GARRON CRESCENT,NULL,BELFAST,NULL,BT10 0EQ,"35, GARRON CRESCENT, BELFAST, BT10 0EQ",Northern Ireland,NULL,NULL,NULL,NULL,NULL,NULL,NULL,NULL,NULL,NULL,NULL,NULL,RD04,Terraced,Residential,Dwelling,Terraced,NULL,Built Complete,2016-01-29,Approved,A record which is linked to a Royal Mail address,NULL,185085416,1,50310448,Manually Matched,8132,BELFAST,NULL,142892.08,525357.88,54.5579360,-5.9781391,Central Internal Position,2016-01-29,NULL
185085418,2025-09-24,2025-09-25T00:00:00.000Z,NULL,New,Address,Built Address,NULL,NULL,NULL,NULL,37,GARRON CRESCENT,NULL,BELFAST,NULL,BT10 0EQ,"37, GARRON CRESCENT, BELFAST, BT10 0EQ",Northern Ireland,NULL,NULL,NULL,NULL,NULL,NULL,NULL,NULL,NULL,NULL,NULL,NULL,RD04,Terraced,Residential,Dwelling,Terraced,NULL,Built Complete,2016-01-29,Approved,A record which is linked to a Royal Mail address,NULL,185085418,1,50310448,Manually Matched,8132,BELFAST,NULL,142885.36,525361.46,54.5579647,-5.9782459,Central Internal Position,2016-01-29,NULL
185085420,2025-09-24,2025-09-25T00:00:00.000Z,NULL,New,Address,Built Address,NULL,NULL,NULL,NULL,39,GARRON CRESCENT,NULL,BELFAST,NULL,BT10 0EQ,"39, GARRON CRESCENT, BELFAST, BT10 0EQ",Northern Ireland,NULL,NULL,NULL,NULL,NULL,NULL,NULL,NULL,NULL,NULL,NULL,NULL,RD04,Terraced,Residential,Dwelling,Terraced,NULL,Built Complete,2016-01-29,Approved,A record which is linked to a Royal Mail address,NULL,185085420,1,50310448,Manually Matched,8132,BELFAST,NULL,142878.47,525363.06,54.5579755,-5.9783536,Central Internal Position,2016-01-29,NULL
185085421,2025-09-24,2025-09-25T00:00:00.000Z,NULL,New,Address,Built Address,NULL,NULL,NULL,NULL,4,GARRON CRESCENT,NULL,BELFAST,NULL,BT10 0EQ,"4, GARRON CRESCENT, BELFAST, BT10 0EQ",Northern Ireland,NULL,NULL,NULL,NULL,NULL,NULL,NULL,NULL,NULL,NULL,NULL,NULL,RD04,Terraced,Residential,Dwelling,Terraced,NULL,Built Complete,2016-01-29,Approved,A record which is linked to a Royal Mail address,NULL,185085421,1,50310448,Manually Matched,8132,BELFAST,NULL,143004.25,525260.94,54.5571239,-5.9763242,Central Internal Position,2016-01-29,NULL
185085422,2025-09-24,2025-09-25T00:00:00.000Z,NULL,New,Address,Built Address,NULL,NULL,NULL,NULL,40,GARRON CRESCENT,NULL,BELFAST,NULL,BT10 0EQ,"40, GARRON CRESCENT, BELFAST, BT10 0EQ",Northern Ireland,NULL,NULL,NULL,NULL,NULL,NULL,NULL,NULL,NULL,NULL,NULL,NULL,RD04,Terraced,Residential,Dwelling,Terraced,NULL,Built Complete,2016-01-29,Approved,A record which is linked to a Royal Mail address,NULL,185085422,1,50310448,Manually Matched,8132,BELFAST,NULL,142883.97,525333.47,54.5577131,-5.9782429,Central Internal Position,2016-01-29,NULL
185085423,2025-09-24,2025-09-25T00:00:00.000Z,NULL,New,Address,Built Address,NULL,NULL,NULL,NULL,41,GARRON CRESCENT,NULL,BELFAST,NULL,BT10 0EQ,"41, GARRON CRESCENT, BELFAST, BT10 0EQ",Northern Ireland,NULL,NULL,NULL,NULL,NULL,NULL,NULL,NULL,NULL,NULL,NULL,NULL,RD04,Terraced,Residential,Dwelling,Terraced,NULL,Built Complete,2016-01-29,Approved,A record which is linked to a Royal Mail address,NULL,185085423,1,50310448,Manually Matched,8132,BELFAST,NULL,142872.66,525365.56,54.5579950,-5.9784454,Central Internal Position,2016-01-29,NULL
185085424,2025-09-24,2025-09-25T00:00:00.000Z,NULL,New,Address,Built Address,NULL,NULL,NULL,NULL,42,GARRON CRESCENT,NULL,BELFAST,NULL,BT10 0EQ,"42, GARRON CRESCENT, BELFAST, BT10 0EQ",Northern Ireland,NULL,NULL,NULL,NULL,NULL,NULL,NULL,NULL,NULL,NULL,NULL,NULL,RD04,Terraced,Residential,Dwelling,Terraced,NULL,Built Complete,2016-01-29,Approved,A record which is linked to a Royal Mail address,NULL,185085424,1,50310448,Manually Matched,8132,BELFAST,NULL,142877.16,525336.06,54.5577328,-5.9783502,Central Internal Position,2016-01-29,NULL
185085425,2025-09-24,2025-09-25T00:00:00.000Z,NULL,New,Address,Built Address,NULL,NULL,NULL,NULL,43,GARRON CRESCENT,NULL,BELFAST,NULL,BT10 0EQ,"43, GARRON CRESCENT, BELFAST, BT10 0EQ",Northern Ireland,NULL,NULL,NULL,NULL,NULL,NULL,NULL,NULL,NULL,NULL,NULL,NULL,RD04,Terraced,Residential,Dwelling,Terraced,NULL,Built Complete,2016-01-29,Approved,A record which is linked to a Royal Mail address,NULL,185085425,1,50310448,Manually Matched,8132,BELFAST,NULL,142866.85,525368.07,54.5580145,-5.9785372,Central Internal Position,2016-01-29,NULL
185085426,2025-09-24,2025-09-25T00:00:00.000Z,NULL,New,Address,Built Address,NULL,NULL,NULL,NULL,44,GARRON CRESCENT,NULL,BELFAST,NULL,BT10 0EQ,"44, GARRON CRESCENT, BELFAST, BT10 0EQ",Northern Ireland,NULL,NULL,NULL,NULL,NULL,NULL,NULL,NULL,NULL,NULL,NULL,NULL,RD04,Terraced,Residential,Dwelling,Terraced,NULL,Built Complete,2016-01-29,Approved,A record which is linked to a Royal Mail address,NULL,185085426,1,50310448,Manually Matched,8132,BELFAST,NULL,142871.35,525338.57,54.5577523,-5.9784419,Central Internal Position,2016-01-29,NULL
185085427,2025-09-24,2025-09-25T00:00:00.000Z,NULL,New,Address,Built Address,NULL,NULL,NULL,NULL,45,GARRON CRESCENT,NULL,BELFAST,NULL,BT10 0EQ,"45, GARRON CRESCENT, BELFAST, BT10 0EQ",Northern Ireland,NULL,NULL,NULL,NULL,NULL,NULL,NULL,NULL,NULL,NULL,NULL,NULL,RD04,Terraced,Residential,Dwelling,Terraced,NULL,Built Complete,2016-01-29,Approved,A record which is linked to a Royal Mail address,NULL,185085427,1,50310448,Manually Matched,8132,BELFAST,NULL,142857.14,525371.91,54.5580440,-5.9786903,Central Internal Position,2016-01-29,NULL
185085429,2025-09-24,2025-09-25T00:00:00.000Z,NULL,New,Address,Built Address,NULL,NULL,NULL,NULL,47,GARRON CRESCENT,NULL,BELFAST,NULL,BT10 0EQ,"47, GARRON CRESCENT, BELFAST, BT10 0EQ",Northern Ireland,NULL,NULL,NULL,NULL,NULL,NULL,NULL,NULL,NULL,NULL,NULL,NULL,RD04,Terraced,Residential,Dwelling,Terraced,NULL,Built Complete,2016-01-29,Approved,A record which is linked to a Royal Mail address,NULL,185085429,1,50310448,Manually Matched,8132,BELFAST,NULL,142851.33,525374.41,54.5580635,-5.9787821,Central Internal Position,2016-01-29,NULL
185085431,2025-09-24,2025-09-25T00:00:00.000Z,NULL,New,Address,Built Address,NULL,NULL,NULL,NULL,49,GARRON CRESCENT,NULL,BELFAST,NULL,BT10 0EQ,"49, GARRON CRESCENT, BELFAST, BT10 0EQ",Northern Ireland,NULL,NULL,NULL,NULL,NULL,NULL,NULL,NULL,NULL,NULL,NULL,NULL,RD04,Terraced,Residential,Dwelling,Terraced,NULL,Built Complete,2016-01-29,Approved,A record which is linked to a Royal Mail address,NULL,185085431,1,50310448,Manually Matched,8132,BELFAST,NULL,142845.52,525376.92,54.5580830,-5.9788739,Central Internal Position,2016-01-29,NULL
185085433,2025-09-24,2025-09-25T00:00:00.000Z,NULL,New,Address,Built Address,NULL,NULL,NULL,NULL,50,GARRON CRESCENT,NULL,BELFAST,NULL,BT10 0EQ,"50, GARRON CRESCENT, BELFAST, BT10 0EQ",Northern Ireland,NULL,NULL,NULL,NULL,NULL,NULL,NULL,NULL,NULL,NULL,NULL,NULL,RD04,Terraced,Residential,Dwelling,Terraced,NULL,Built Complete,2016-01-29,Approved,A record which is linked to a Royal Mail address,NULL,185085433,1,50310448,Manually Matched,8132,BELFAST,NULL,142848.12,525348.59,54.5578304,-5.9788091,Central Internal Position,2016-01-29,NULL
185085434,2025-09-24,2025-09-25T00:00:00.000Z,NULL,New,Address,Built Address,NULL,NULL,NULL,NULL,52,GARRON CRESCENT,NULL,BELFAST,NULL,BT10 0EQ,"52, GARRON CRESCENT, BELFAST, BT10 0EQ",Northern Ireland,NULL,NULL,NULL,NULL,NULL,NULL,NULL,NULL,NULL,NULL,NULL,NULL,RD04,Terraced,Residential,Dwelling,Terraced,NULL,Built Complete,2016-01-29,Approved,A record which is linked to a Royal Mail address,NULL,185085434,1,50310448,Manually Matched,8132,BELFAST,NULL,142843.30,525351.01,54.5578496,-5.9788855,Central Internal Position,2016-01-29,NULL
185085435,2025-09-24,2025-09-25T00:00:00.000Z,NULL,New,Address,Built Address,NULL,NULL,NULL,NULL,54,GARRON CRESCENT,NULL,BELFAST,NULL,BT10 0EQ,"54, GARRON CRESCENT, BELFAST, BT10 0EQ",Northern Ireland,NULL,NULL,NULL,NULL,NULL,NULL,NULL,NULL,NULL,NULL,NULL,NULL,RD04,Terraced,Residential,Dwelling,Terraced,NULL,Built Complete,2016-01-29,Approved,A record which is linked to a Royal Mail address,NULL,185085435,1,50310448,Manually Matched,8132,BELFAST,NULL,142835.50,525353.68,54.5578696,-5.9790081,Central Internal Position,2016-01-29,NULL
185085436,2025-09-24,2025-09-25T00:00:00.000Z,NULL,New,Address,Built Address,NULL,NULL,NULL,NULL,6,GARRON CRESCENT,NULL,BELFAST,NULL,BT10 0EQ,"6, GARRON CRESCENT, BELFAST, BT10 0EQ",Northern Ireland,NULL,NULL,NULL,NULL,NULL,NULL,NULL,NULL,NULL,NULL,NULL,NULL,RD04,Terraced,Residential,Dwelling,Terraced,NULL,Built Complete,2016-01-29,Approved,A record which is linked to a Royal Mail address,NULL,185085436,1,50310448,Manually Matched,8132,BELFAST,NULL,142998.61,525265.44,54.5571614,-5.9764151,Central Internal Position,2016-01-29,NULL
185085437,2025-09-24,2025-09-25T00:00:00.000Z,NULL,New,Address,Built Address,NULL,NULL,NULL,NULL,7,GARRON CRESCENT,NULL,BELFAST,NULL,BT10 0EQ,"7, GARRON CRESCENT, BELFAST, BT10 0EQ",Northern Ireland,NULL,NULL,NULL,NULL,NULL,NULL,NULL,NULL,NULL,NULL,NULL,NULL,RD04,Terraced,Residential,Dwelling,Terraced,NULL,Built Complete,2016-01-29,Approved,A record which is linked to a Royal Mail address,NULL,185085437,1,50310448,Manually Matched,8132,BELFAST,NULL,143006.80,525290.84,54.5573932,-5.9763109,Central Internal Position,2016-01-29,NULL
185085438,2025-09-24,2025-09-25T00:00:00.000Z,NULL,New,Address,Built Address,NULL,NULL,NULL,NULL,8,GARRON CRESCENT,NULL,BELFAST,NULL,BT10 0EQ,"8, GARRON CRESCENT, BELFAST, BT10 0EQ",Northern Ireland,NULL,NULL,NULL,NULL,NULL,NULL,NULL,NULL,NULL,NULL,NULL,NULL,RD04,Terraced,Residential,Dwelling,Terraced,NULL,Built Complete,2016-01-29,Approved,A record which is linked to a Royal Mail address,NULL,185085438,1,50310448,Manually Matched,8132,BELFAST,NULL,142992.88,525268.94,54.5571899,-5.9765065,Central Internal Position,2016-01-29,NULL
185085439,2025-09-24,2025-09-25T00:00:00.000Z,NULL,New,Address,Built Address,NULL,NULL,NULL,NULL,9,GARRON CRESCENT,NULL,BELFAST,NULL,BT10 0EQ,"9, GARRON CRESCENT, BELFAST, BT10 0EQ",Northern Ireland,NULL,NULL,NULL,NULL,NULL,NULL,NULL,NULL,NULL,NULL,NULL,NULL,RD04,Terraced,Residential,Dwelling,Terraced,NULL,Built Complete,2016-01-29,Approved,A record which is linked to a Royal Mail address,NULL,185085439,1,50310448,Manually Matched,8132,BELFAST,NULL,143001.17,525295.34,54.5574307,-5.9764018,Central Internal Position,2016-01-29,NULL
185809093,2025-09-24,2025-09-25T00:00:00.000Z,NULL,New,Address,Built Address,THE BALMORAL HOTEL,NULL,NULL,NULL,161,BLACKS ROAD,NULL,BELFAST,NULL,BT10 0ND,"THE BALMORAL HOTEL, 161, BLACKS ROAD, BELFAST, BT10 0ND",Northern Ireland,NULL,NULL,NULL,NULL,NULL,NULL,NULL,NULL,NULL,NULL,NULL,NULL,CH,Hotel / Motel / Boarding / Guest House,Commercial,Hotel / Motel / Boarding / Guest House,NULL,NULL,Built Complete,2016-01-29,Approved,A record which has a classification indicating that it is capable of receiving mail but is not linked to a Royal Mail address,NULL,185809093,1,50308670,Manually Matched,8132,BELFAST,NULL,141518.58,525742.43,54.5606839,-5.9996634,Central Internal Position,2016-01-29,NULL
185877536,2025-09-24,2025-09-25T00:00:00.000Z,NULL,New,Address,Built Address,NULL,NULL,NULL,THE BALMORAL HOTEL,NULL,BLACKS ROAD,NULL,BELFAST,NULL,BT10 0ND,"THE BALMORAL HOTEL, BLACKS ROAD, BELFAST, BT10 0ND",Northern Ireland,NULL,NULL,NULL,NULL,NULL,NULL,NULL,NULL,NULL,NULL,NULL,NULL,U,Unclassified,Unclassified,NULL,NULL,NULL,Built Complete,2016-01-29,Approved,A record which has a classification indicating that it is capable of receiving mail but is not linked to a Royal Mail address,NULL,185877536,1,50308670,Manually Matched,8132,BELFAST,NULL,141518.58,525742.43,54.5606839,-5.9996634,Central Internal Position,2016-01-29,NULL
185877734,2025-09-24,2025-09-25T00:00:00.000Z,NULL,New,Address,Built Address,NULL,NULL,NULL,RATHMORE GRAMMAR SCHOOL,NULL,KINGSWAY,FINAGHY,BELFAST,NULL,BT10 0LF,"RATHMORE GRAMMAR SCHOOL, KINGSWAY, FINAGHY, BELFAST, BT10 0LF",Northern Ireland,NULL,NULL,NULL,NULL,NULL,NULL,NULL,NULL,NULL,NULL,NULL,NULL,CE,Education,Commercial,Education,NULL,NULL,Built Complete,2016-01-29,Approved,A record which is linked to a Royal Mail address,NULL,185877734,1,50308306,Manually Matched,8132,BELFAST,NULL,141974.19,524508.85,54.5498574,-5.9915532,Central Internal Position,2016-01-29,NULL
185878169,2025-09-24,2025-09-25T00:00:00.000Z,NULL,New,Address,Built Address,NULL,NULL,NULL,NULL,36,GARRON CRESCENT,NULL,BELFAST,NULL,BT10 0EQ,"36, GARRON CRESCENT, BELFAST, BT10 0EQ",Northern Ireland,NULL,NULL,NULL,NULL,NULL,NULL,NULL,NULL,NULL,NULL,NULL,NULL,RD04,Terraced,Residential,Dwelling,Terraced,NULL,Built Complete,2016-01-29,Approved,A record which is linked to a Royal Mail address,NULL,185878169,1,50310448,Manually Matched,8132,BELFAST,NULL,142900.23,525324.05,54.5576369,-5.9779839,Central Internal Position,2016-01-29,NULL
185878196,2025-09-24,2025-09-25T00:00:00.000Z,NULL,New,Address,Built Address,NULL,NULL,NULL,NULL,29,GARRON CRESCENT,NULL,BELFAST,NULL,BT10 0EQ,"29, GARRON CRESCENT, BELFAST, BT10 0EQ",Northern Ireland,NULL,NULL,NULL,NULL,NULL,NULL,NULL,NULL,NULL,NULL,NULL,NULL,RD04,Terraced,Residential,Dwelling,Terraced,NULL,Built Complete,2016-01-29,Approved,A record which is linked to a Royal Mail address,NULL,185878196,1,50310448,Manually Matched,8132,BELFAST,NULL,142939.54,525337.75,54.5577797,-5.9773893,Central Internal Position,2016-01-29,NULL
185870402,2025-09-24,2025-09-25T00:00:00.000Z,NULL,New,Address,Built Address,ROYAL MAIL,NULL,NULL,NULL,20,DONEGALL QUAY,NULL,BELFAST,NULL,BT1 1AA,"ROYAL MAIL, 20, DONEGALL QUAY, BELFAST, BT1 1AA",Northern Ireland,NULL,NULL,NULL,NULL,NULL,NULL,NULL,NULL,NULL,NULL,NULL,NULL,C,Commercial,Commercial,NULL,NULL,NULL,Built Complete,2016-01-29,Approved,A record which is linked to a Royal Mail address,NULL,185870402,1,50309027,Manually Matched,8132,BELFAST,NULL,146777.57,530103.72,54.6024448,-5.9222915,Central Internal Position,2016-01-29,NULL
187249975,2025-09-24,2025-09-25T00:00:00.000Z,NULL,New,Address,Built Address,NULL,NULL,NULL,GAELSCOIL NA MONA,1,MONAGH LINK,NULL,BELFAST,NULL,BT11 8QB,"GAELSCOIL NA MONA, 1, MONAGH LINK, BELFAST, BT11 8QB",Northern Ireland,NULL,NULL,NULL,NULL,NULL,NULL,NULL,NULL,NULL,NULL,NULL,NULL,CE,Education,Commercial,Education,NULL,NULL,Built Complete,2024-05-30,Approved,A record which is linked to a Royal Mail address,NULL,187249975,1,50307610,Manually Matched,8132,BELFAST,NULL,142102.39,528552.47,54.5861737,-5.9931232,Central Internal Position,2007-02-19,NULL
187566619,2025-09-24,2025-09-25T00:00:00.000Z,NULL,New,Address,Built Address,HAMILTON PRACTICE,NULL,PRACTICE 2,FINAGHY HEALTH CENTRE,13-25,FINAGHY ROAD SOUTH,NULL,BELFAST,NULL,BT10 0BX,"HAMILTON PRACTICE, PRACTICE 2, FINAGHY HEALTH CENTRE, 13-25, FINAGHY ROAD SOUTH, BELFAST, BT10 0BX",Northern Ireland,NULL,NULL,NULL,NULL,NULL,NULL,NULL,NULL,NULL,NULL,NULL,NULL,C,Commercial,Commercial,NULL,NULL,NULL,Built Complete,2016-01-29,Approved,A record which has a classification indicating that it is capable of receiving mail but is not linked to a Royal Mail address,191013145,191013145,2,50309317,Manually Matched,8132,BELFAST,NULL,142494.96,525620.74,54.5600906,-5.9844949,Central Internal Position,2016-01-29,NULL
187627071,2025-09-24,2025-09-25T00:00:00.000Z,NULL,New,Address,Built Address,H.S.S. TRUST,NULL,OFFICE 1ST FLOOR,FINAGHY HEALTH CENTRE,13-25,FINAGHY ROAD SOUTH,NULL,BELFAST,NULL,BT10 0BX,"H.S.S. TRUST, OFFICE 1ST FLOOR, FINAGHY HEALTH CENTRE, 13-25, FINAGHY ROAD SOUTH, BELFAST, BT10 0BX",Northern Ireland,NULL,NULL,NULL,NULL,NULL,NULL,NULL,NULL,NULL,NULL,NULL,NULL,C,Commercial,Commercial,NULL,NULL,NULL,Built Complete,2016-01-29,Approved,A record which has a classification indicating that it is capable of receiving mail but is not linked to a Royal Mail address,191013145,191013145,2,50309317,Manually Matched,8132,BELFAST,NULL,142494.96,525620.74,54.5600906,-5.9844949,Central Internal Position,2016-01-29,NULL
187692910,2025-09-24,2025-09-25T00:00:00.000Z,NULL,New,Address,Built Address,NULL,NULL,NULL,ST. ANNES PARISH CENTRE,NULL,KINGSWAY,FINAGHY,BELFAST,NULL,BT10 0LF,"ST. ANNES PARISH CENTRE, KINGSWAY, FINAGHY, BELFAST, BT10 0LF",Northern Ireland,NULL,NULL,NULL,NULL,NULL,NULL,NULL,NULL,NULL,NULL,NULL,NULL,U,Unclassified,Unclassified,NULL,NULL,NULL,Built Complete,2017-09-18,Approved,A record which has a classification indicating that it is capable of receiving mail but is not linked to a Royal Mail address,NULL,187692910,1,50308306,Manually Matched,8132,BELFAST,NULL,141871.07,524981.46,54.5540417,-5.9935580,Central Internal Position,2017-09-08,NULL
191013145,2025-09-24,2025-09-25T00:00:00.000Z,NULL,New,Address,Built Address,NULL,NULL,NULL,FINAGHY HEALTH CENTRE,13-25,FINAGHY ROAD SOUTH,NULL,BELFAST,NULL,BT10 0BX,"FINAGHY HEALTH CENTRE, 13-25, FINAGHY ROAD SOUTH, BELFAST, BT10 0BX",Northern Ireland,NULL,NULL,NULL,NULL,NULL,NULL,NULL,NULL,NULL,NULL,NULL,NULL,PP,Property Shell,Parent Shell,Property Shell,NULL,NULL,Built Complete,2016-01-29,Approved,A record which has a classification indicating that it is not capable of receiving mail and is not linked to a Royal Mail address,NULL,191013145,1,50309317,Manually Matched,8132,BELFAST,NULL,142494.96,525620.74,54.5600906,-5.9844949,General Internal Position,2016-01-29,NULL
