udprn,versiondate,versionavailablefromdate,versionavailabletodate,changetype,theme,description,organisationname,departmentname,subbuildingname,buildingname,buildingnumber,dependentthoroughfare,thoroughfare,doubledependentlocality,dependentlocality,posttown,postcode,postcodetype,deliverypointsuffix,welshdependentthoroughfare,welshthoroughfare,welshdoubledependentlocality,welshdependentlocality,welshposttown,poboxnumber,updatedate,entrydate,easting,northing,latitude,longitude,positionalaccuracy,geometryallocationmethod,unmatchedreason,unmatchedreasondate,uprn,matchedaddressfeaturetype,matchtype,matchdate,matchmethod,matchingorganisation
3073963,2025-09-24,2025-09-25T00:00:00.000Z,NULL,New,Address,Postcode Address File,ROYAL MAIL,NATIONAL RETURN LETTER CENTRE,NULL,NULL,20,NULL,DONEGALL QUAY,NULL,NULL,BELFAST,BT1 1AR,Large User,1A,NULL,NULL,NULL,NULL,NULL,NULL,2016-01-18,2016-01-18,146777.57,530103.72,54.6024448,-5.9222915,Central Internal Position,Matched UPRN,NULL,NULL,185870402,Built Address,Direct,2016-04-26,Unknown,GeoPlace
3159277,2025-09-24,2025-09-25T00:00:00.000Z,NULL,New,Address,Postcode Address File,NULL,NULL,NULL,NULL,29,NULL,PORTER PARK,NULL,NULL,BELFAST,BT10 0BU,Small User,1Z,NULL,NULL,NULL,NULL,NULL,NULL,2016-01-18,2016-01-18,142362.30,525466.45,54.5586399,-5.9864062,Central Internal Position,Matched UPRN,NULL,NULL,185084654,Built Address,Direct,2016-03-16,Automated,GeoPlace
3159261,2025-09-24,2025-09-25T00:00:00.000Z,NULL,New,Address,Postcode Address File,NULL,NULL,NULL,NULL,12,NULL,PORTER PARK,NULL,NULL,BELFAST,BT10 0BU,Small User,1E,NULL,NULL,NULL,NULL,NULL,NULL,2016-01-18,2016-01-18,142403.50,525466.94,54.5586653,-5.9857711,Central Internal Position,Matched UPRN,NULL,NULL,185084638,Built Address,Direct,2016-03-16,Automated,GeoPlace
3160059,2025-09-24,2025-09-25T00:00:00.000Z,NULL,New,Address,Postcode Address File,NULL,NULL,NULL,NULL,49,NULL,GARRON CRESCENT,NULL,NULL,BELFAST,BT10 0EQ,Small User,3E,NULL,NULL,NULL,NULL,NULL,NULL,2016-01-18,2016-01-18,142845.52,525376.92,54.5580830,-5.9788739,Central Internal Position,Matched UPRN,NULL,NULL,185085431,Built Address,Direct,2016-03-16,Automated,GeoPlace
51400719,2025-09-24,2025-09-25T00:00:00.000Z,NULL,New,Address,Postcode Address File,NULL,NULL,NULL,NULL,56,NULL,GARRON CRESCENT,NULL,NULL,BELFAST,BT10 0EQ,Small User,3R,NULL,NULL,NULL,NULL,NULL,NULL,2016-05-11,2016-05-11,142828.60,525272.96,54.5571424,-5.9790441,Street Location,Matched UPRN,NULL,NULL,191011572,Non Addressable Object,Street,2025-07-24,Unknown,GeoPlace
3159280,2025-09-24,2025-09-25T00:00:00.000Z,NULL,New,Address,Postcode Address File,NULL,NULL,NULL,NULL,5,NULL,PORTER PARK,NULL,NULL,BELFAST,BT10 0BU,Small User,2D,NULL,NULL,NULL,NULL,NULL,NULL,2016-01-18,2016-01-18,142433.21,525532.66,54.5592696,-5.9853703,Central Internal Position,Matched UPRN,NULL,NULL,185084657,Built Address,Direct,2016-03-16,Automated,GeoPlace
3160027,2025-09-24,2025-09-25T00:00:00.000Z,NULL,New,Address,Postcode Address File,NULL,NULL,NULL,NULL,2,NULL,GARRON CRESCENT,NULL,NULL,BELFAST,BT10 0EQ,Small User,1Q,NULL,NULL,NULL,NULL,NULL,NULL,2016-01-18,2016-01-18,143010.97,525257.36,54.5570952,-5.9762174,Central Internal Position,Matched UPRN,NULL,NULL,185085399,Built Address,Direct,2016-03-16,Automated,GeoPlace
3160034,2025-09-24,2025-09-25T00:00:00.000Z,NULL,New,Address,Postcode Address File,NULL,NULL,NULL,NULL,26,NULL,GARRON CRESCENT,NULL,NULL,BELFAST,BT10 0EQ,Small User,1Y,NULL,NULL,NULL,NULL,NULL,NULL,2016-01-18,2016-01-18,142934.99,525308.03,54.5575109,-5.9774336,Central Internal Position,Matched UPRN,NULL,NULL,185085406,Built Address,Direct,2016-03-16,Automated,GeoPlace
3160031,2025-09-24,2025-09-25T00:00:00.000Z,NULL,New,Address,Postcode Address File,NULL,NULL,NULL,NULL,23,NULL,GARRON CRESCENT,NULL,NULL,BELFAST,BT10 0EQ,Small User,1U,NULL,NULL,NULL,NULL,NULL,NULL,2016-01-18,2016-01-18,142957.46,525324.17,54.5576670,-5.9771012,Central Internal Position,Matched UPRN,NULL,NULL,185085403,Built Address,Direct,2016-03-16,Automated,GeoPlace
3159271,2025-09-24,2025-09-25T00:00:00.000Z,NULL,New,Address,Postcode Address File,NULL,NULL,NULL,NULL,21,NULL,PORTER PARK,NULL,NULL,BELFAST,BT10 0BU,Small User,1S,NULL,NULL,NULL,NULL,NULL,NULL,2016-01-18,2016-01-18,142387.61,525492.39,54.5588854,-5.9860385,Central Internal Position,Matched UPRN,NULL,NULL,185084648,Built Address,Direct,2016-03-16,Automated,GeoPlace
3160060,2025-09-24,2025-09-25T00:00:00.000Z,NULL,New,Address,Postcode Address File,NULL,NULL,NULL,NULL,5,NULL,GARRON CRESCENT,NULL,NULL,BELFAST,BT10 0EQ,Small User,3F,NULL,NULL,NULL,NULL,NULL,NULL,2016-01-18,2016-01-18,143012.44,525286.34,54.5573558,-5.9762200,Central Internal Position,Matched UPRN,NULL,NULL,185085432,Built Address,Direct,2016-03-16,Automated,GeoPlace
3073973,2025-09-24,2025-09-25T00:00:00.000Z,NULL,New,Address,Postcode Address File,EUROPEAN MAGAZINE SERVICES LTD,NULL,NULL,LOMBARD HOUSE 10-20,NULL,NULL,LOMBARD STREET,NULL,NULL,BELFAST,BT1 1BW,Large User,1A,NULL,NULL,NULL,NULL,NULL,NULL,2016-01-18,2016-01-18,146310.46,529853.60,54.5999681,-5.9292888,General Internal Position,Matched UPRN,NULL,NULL,191047504,Built Address,Parent,2025-08-21,Automated,GeoPlace
3159262,2025-09-24,2025-09-25T00:00:00.000Z,NULL,New,Address,Postcode Address File,NULL,NULL,NULL,NULL,13,NULL,PORTER PARK,NULL,NULL,BELFAST,BT10 0BU,Small User,1F,NULL,NULL,NULL,NULL,NULL,NULL,2016-01-18,2016-01-18,142415.73,525516.09,54.5591121,-5.9856254,Central Internal Position,Matched UPRN,NULL,NULL,185084639,Built Address,Direct,2016-03-16,Automated,GeoPlace
3159274,2025-09-24,2025-09-25T00:00:00.000Z,NULL,New,Address,Postcode Address File,NULL,NULL,NULL,NULL,24,NULL,PORTER PARK,NULL,NULL,BELFAST,BT10 0BU,Small User,1W,NULL,NULL,NULL,NULL,NULL,NULL,2016-01-18,2016-01-18,142360.05,525428.50,54.5582985,-5.9864076,Central Internal Position,Matched UPRN,NULL,NULL,185084651,Built Address,Direct,2016-03-16,Automated,GeoPlace
3159281,2025-09-24,2025-09-25T00:00:00.000Z,NULL,New,Address,Postcode Address File,NULL,NULL,NULL,NULL,6,NULL,PORTER PARK,NULL,NULL,BELFAST,BT10 0BU,Small User,2E,NULL,NULL,NULL,NULL,NULL,NULL,2016-01-18,2016-01-18,142422.23,525486.42,54.5588495,-5.9854992,Central Internal Position,Matched UPRN,NULL,NULL,185084658,Built Address,Direct,2016-03-16,Automated,GeoPlace
3160032,2025-09-24,2025-09-25T00:00:00.000Z,NULL,New,Address,Postcode Address File,NULL,NULL,NULL,NULL,24,NULL,GARRON CRESCENT,NULL,NULL,BELFAST,BT10 0EQ,Small User,1W,NULL,NULL,NULL,NULL,NULL,NULL,2016-01-18,2016-01-18,142940.63,525303.53,54.5574734,-5.9773427,Central Internal Position,Matched UPRN,NULL,NULL,185085404,Built Address,Direct,2016-03-16,Automated,GeoPlace
3159265,2025-09-24,2025-09-25T00:00:00.000Z,NULL,New,Address,Postcode Address File,NULL,NULL,NULL,NULL,16,NULL,PORTER PARK,NULL,NULL,BELFAST,BT10 0BU,Small User,1J,NULL,NULL,NULL,NULL,NULL,NULL,2016-01-18,2016-01-18,142389.26,525453.10,54.5585340,-5.9859786,Central Internal Position,Matched UPRN,NULL,NULL,185084642,Built Address,Direct,2016-03-16,Automated,GeoPlace
3159279,2025-09-24,2025-09-25T00:00:00.000Z,NULL,New,Address,Postcode Address File,NULL,NULL,NULL,NULL,4,NULL,PORTER PARK,NULL,NULL,BELFAST,BT10 0BU,Small User,2B,NULL,NULL,NULL,NULL,NULL,NULL,2016-01-18,2016-01-18,142430.97,525494.71,54.5589282,-5.9853716,Central Internal Position,Matched UPRN,NULL,NULL,185084656,Built Address,Direct,2016-03-16,Automated,GeoPlace
3073959,2025-09-24,2025-09-25T00:00:00.000Z,NULL,New,Address,Postcode Address File,ROYAL MAIL,NULL,NULL,NULL,20,NULL,DONEGALL QUAY,NULL,NULL,BELFAST,BT1 1AA,Large User,1A,NULL,NULL,NULL,NULL,NULL,NULL,2016-01-18,2016-01-18,146777.57,530103.72,54.6024448,-5.9222915,Central Internal Position,Matched UPRN,NULL,NULL,185870402,Built Address,Direct,2016-05-27,Automated,GeoPlace
3159259,2025-09-24,2025-09-25T00:00:00.000Z,NULL,New,Address,Postcode Address File,NULL,NULL,NULL,NULL,10,NULL,PORTER PARK,NULL,NULL,BELFAST,BT10 0BU,Small User,1B,NULL,NULL,NULL,NULL,NULL,NULL,2016-01-18,2016-01-18,142407.91,525471.58,54.5587092,-5.9857071,Central Internal Position,Matched UPRN,NULL,NULL,185084636,Built Address,Direct,2016-03-16,Automated,GeoPlace
3162658,2025-09-24,2025-09-25T00:00:00.000Z,NULL,New,Address,Postcode Address File,BALMORAL HOTEL,NULL,NULL,NULL,NULL,NULL,BLACKS ROAD,NULL,NULL,BELFAST,BT10 0ND,Large User,1A,NULL,NULL,NULL,NULL,NULL,NULL,2016-01-18,2016-01-18,140675.99,525445.11,54.5575874,-6.0123989,Street Location,Matched UPRN,NULL,NULL,191009794,Non Addressable Object,Street,2025-07-23,Unknown,GeoPlace
3159282,2025-09-24,2025-09-25T00:00:00.000Z,NULL,New,Address,Postcode Address File,NULL,NULL,NULL,NULL,7,NULL,PORTER PARK,NULL,NULL,BELFAST,BT10 0BU,Small User,2F,NULL,NULL,NULL,NULL,NULL,NULL,2016-01-18,2016-01-18,142428.89,525529.02,54.5592347,-5.9854338,Central Internal Position,Matched UPRN,NULL,NULL,185084659,Built Address,Direct,2016-03-16,Automated,GeoPlace
3160022,2025-09-24,2025-09-25T00:00:00.000Z,NULL,New,Address,Postcode Address File,NULL,NULL,NULL,NULL,15,NULL,GARRON CRESCENT,NULL,NULL,BELFAST,BT10 0EQ,Small User,1H,NULL,NULL,NULL,NULL,NULL,NULL,2016-01-18,2016-01-18,142984.34,525309.83,54.5575521,-5.9766740,Central Internal Position,Matched UPRN,NULL,NULL,185085394,Built Address,Direct,2016-03-16,Automated,GeoPlace
3163822,2025-09-24,2025-09-25T00:00:00.000Z,NULL,New,Address,Postcode Address File,HANNAHSTOWN CREDIT UNION LTD,NULL,NULL,GLENCOLIN EAST,NULL,NULL,GLEN ROAD,NULL,ANDERSONSTOWN,BELFAST,BT11 8AZ,Small User,1D,NULL,NULL,NULL,NULL,NULL,NULL,2016-01-18,2016-01-18,140268.77,527513.81,54.5759239,-6.0205076,Street Location,Matched UPRN,NULL,NULL,191010354,Non Addressable Object,Street,2025-07-23,Unknown,GeoPlace
3160021,2025-09-24,2025-09-25T00:00:00.000Z,NULL,New,Address,Postcode Address File,NULL,NULL,NULL,NULL,14,NULL,GARRON CRESCENT,NULL,NULL,BELFAST,BT10 0EQ,Small User,1G,NULL,NULL,NULL,NULL,NULL,NULL,2016-01-18,2016-01-18,142972.89,525281.70,54.5572940,-5.9768259,Central Internal Position,Matched UPRN,NULL,NULL,185085393,Built Address,Direct,2016-03-16,Automated,GeoPlace
3159276,2025-09-24,2025-09-25T00:00:00.000Z,NULL,New,Address,Postcode Address File,NULL,NULL,NULL,NULL,27,NULL,PORTER PARK,NULL,NULL,BELFAST,BT10 0BU,Small User,1Y,NULL,NULL,NULL,NULL,NULL,NULL,2016-01-18,2016-01-18,142367.71,525471.01,54.5586836,-5.9863268,Central Internal Position,Matched UPRN,NULL,NULL,185084653,Built Address,Direct,2016-03-16,Automated,GeoPlace
3159278,2025-09-24,2025-09-25T00:00:00.000Z,NULL,New,Address,Postcode Address File,NULL,NULL,NULL,NULL,3,NULL,PORTER PARK,NULL,NULL,BELFAST,BT10 0BU,Small User,2A,NULL,NULL,NULL,NULL,NULL,NULL,2016-01-18,2016-01-18,142441.04,525542.03,54.5593576,-5.9852577,Central Internal Position,Matched UPRN,NULL,NULL,185084655,Built Address,Direct,2016-03-16,Automated,GeoPlace
3160025,2025-09-24,2025-09-25T00:00:00.000Z,NULL,New,Address,Postcode Address File,NULL,NULL,NULL,NULL,18,NULL,GARRON CRESCENT,NULL,NULL,BELFAST,BT10 0EQ,Small User,1N,NULL,NULL,NULL,NULL,NULL,NULL,2016-01-18,2016-01-18,142961.53,525289.70,54.5573600,-5.9770082,Central Internal Position,Matched UPRN,NULL,NULL,185085397,Built Address,Direct,2016-03-16,Automated,GeoPlace
3073961,2025-09-24,2025-09-25T00:00:00.000Z,NULL,New,Address,Postcode Address File,SOCIAL SECURITY AGENCY,ATTENDANCE ALLOWANCE BRANCH,NULL,CASTLE COURT,NULL,NULL,ROYAL AVENUE,NULL,NULL,BELFAST,BT1 1AL,Large User,1A,NULL,NULL,NULL,NULL,NULL,NULL,2016-01-18,2016-01-18,145992.96,529944.03,54.6006193,-5.9342700,Central Internal Position,Matched UPRN,NULL,NULL,185000003,Historic Address,Direct,2016-03-16,Unknown,GeoPlace
3159258,2025-09-24,2025-09-25T00:00:00.000Z,NULL,New,Address,Postcode Address File,NULL,NULL,NULL,NULL,1,NULL,PORTER PARK,NULL,NULL,BELFAST,BT10 0BU,Small User,1A,NULL,NULL,NULL,NULL,NULL,NULL,2016-01-18,2016-01-18,142444.63,525548.75,54.5594197,-5.9852083,Central Internal Position,Matched UPRN,NULL,NULL,185084635,Built Address,Direct,2016-03-16,Automated,GeoPlace
27756214,2025-09-24,2025-09-25T00:00:00.000Z,NULL,New,Address,Postcode Address File,NULL,NULL,NULL,NULL,1,NULL,MONAGH LINK,NULL,NULL,BELFAST,BT11 8QB,Small User,1A,NULL,NULL,NULL,NULL,NULL,NULL,2016-01-18,2016-01-18,142102.39,528552.47,54.5861737,-5.9931232,Central Internal Position,Matched UPRN,NULL,NULL,187249975,Built Address,Direct,2016-03-16,Unknown,GeoPlace
3073968,2025-09-24,2025-09-25T00:00:00.000Z,NULL,New,Address,Postcode Address File,PRIMARK LTD,NULL,NULL,1-27,NULL,NULL,CASTLE STREET,NULL,NULL,BELFAST,BT1 1BL,Large User,1A,NULL,NULL,NULL,NULL,NULL,NULL,2016-01-18,2016-01-18,146208.31,529786.06,54.5993112,-5.9308078,Central Internal Position,Matched UPRN,NULL,NULL,185000010,Built Address,Direct,2016-03-16,Automated,GeoPlace
3074018,2025-09-24,2025-09-25T00:00:00.000Z,NULL,New,Address,Postcode Address File,SOCIAL SECURITY AGENCY,ADMINISTRATION & SUPPORT UNIT,NULL,CASTLE COURT,NULL,NULL,ROYAL AVENUE,NULL,NULL,BELFAST,BT1 1DF,Large User,1A,NULL,NULL,NULL,NULL,NULL,NULL,2016-01-18,2016-01-18,145992.96,529944.03,54.6006193,-5.9342700,Central Internal Position,Matched UPRN,NULL,NULL,185000057,Built Address,Direct,2016-03-16,Unknown,GeoPlace
3159260,2025-09-24,2025-09-25T00:00:00.000Z,NULL,New,Address,Postcode Address File,NULL,NULL,NULL,NULL,11,NULL,PORTER PARK,NULL,NULL,BELFAST,BT10 0BU,Small User,1D,NULL,NULL,NULL,NULL,NULL,NULL,2016-01-18,2016-01-18,142421.14,525520.64,54.5591557,-5.9855459,Central Internal Position,Matched UPRN,NULL,NULL,185084637,Built Address,Direct,2016-03-16,Automated,GeoPlace
3159263,2025-09-24,2025-09-25T00:00:00.000Z,NULL,New,Address,Postcode Address File,NULL,NULL,NULL,NULL,14,NULL,PORTER PARK,NULL,NULL,BELFAST,BT10 0BU,Small User,1G,NULL,NULL,NULL,NULL,NULL,NULL,2016-01-18,2016-01-18,142393.76,525458.74,54.5585868,-5.9859141,Central Internal Position,Matched UPRN,NULL,NULL,185084640,Built Address,Direct,2016-03-16,Automated,GeoPlace
3159264,2025-09-24,2025-09-25T00:00:00.000Z,NULL,New,Address,Postcode Address File,NULL,NULL,NULL,NULL,15,NULL,PORTER PARK,NULL,NULL,BELFAST,BT10 0BU,Small User,1H,NULL,NULL,NULL,NULL,NULL,NULL,2016-01-18,2016-01-18,142406.17,525509.88,54.5590516,-5.9857675,Central Internal Position,Matched UPRN,NULL,NULL,185084641,Built Address,Direct,2016-03-16,Automated,GeoPlace
3159266,2025-09-24,2025-09-25T00:00:00.000Z,NULL,New,Address,Postcode Address File,NULL,NULL,NULL,NULL,17,NULL,PORTER PARK,NULL,NULL,BELFAST,BT10 0BU,Small User,1L,NULL,NULL,NULL,NULL,NULL,NULL,2016-01-18,2016-01-18,142400.76,525505.32,54.5590080,-5.9858470,Central Internal Position,Matched UPRN,NULL,NULL,185084643,Built Address,Direct,2016-03-16,Automated,GeoPlace
3159267,2025-09-24,2025-09-25T00:00:00.000Z,NULL,New,Address,Postcode Address File,NULL,NULL,NULL,NULL,18,NULL,PORTER PARK,NULL,NULL,BELFAST,BT10 0BU,Small User,1N,NULL,NULL,NULL,NULL,NULL,NULL,2016-01-18,2016-01-18,142378.62,525445.98,54.5584647,-5.9861366,Central Internal Position,Matched UPRN,NULL,NULL,185084644,Built Address,Direct,2016-03-16,Automated,GeoPlace
3159268,2025-09-24,2025-09-25T00:00:00.000Z,NULL,New,Address,Postcode Address File,NULL,NULL,NULL,NULL,19,NULL,PORTER PARK,NULL,NULL,BELFAST,BT10 0BU,Small User,1P,NULL,NULL,NULL,NULL,NULL,NULL,2016-01-18,2016-01-18,142393.02,525496.95,54.5589290,-5.9859591,Central Internal Position,Matched UPRN,NULL,NULL,185084645,Built Address,Direct,2016-03-16,Automated,GeoPlace
3159269,2025-09-24,2025-09-25T00:00:00.000Z,NULL,New,Address,Postcode Address File,NULL,NULL,NULL,NULL,2,NULL,PORTER PARK,NULL,NULL,BELFAST,BT10 0BU,Small User,1Q,NULL,NULL,NULL,NULL,NULL,NULL,2016-01-18,2016-01-18,142435.38,525499.35,54.5589721,-5.9853076,Central Internal Position,Matched UPRN,NULL,NULL,185084646,Built Address,Direct,2016-03-16,Automated,GeoPlace
3159270,2025-09-24,2025-09-25T00:00:00.000Z,NULL,New,Address,Postcode Address File,NULL,NULL,NULL,NULL,20,NULL,PORTER PARK,NULL,NULL,BELFAST,BT10 0BU,Small User,1R,NULL,NULL,NULL,NULL,NULL,NULL,2016-01-18,2016-01-18,142373.21,525441.43,54.5584211,-5.9862160,Central Internal Position,Matched UPRN,NULL,NULL,185084647,Built Address,Direct,2016-03-16,Automated,GeoPlace
3159272,2025-09-24,2025-09-25T00:00:00.000Z,NULL,New,Address,Postcode Address File,NULL,NULL,NULL,NULL,22,NULL,PORTER PARK,NULL,NULL,BELFAST,BT10 0BU,Small User,1T,NULL,NULL,NULL,NULL,NULL,NULL,2016-01-18,2016-01-18,142365.46,525433.05,54.5583421,-5.9863281,Central Internal Position,Matched UPRN,NULL,NULL,185084649,Built Address,Direct,2016-03-16,Automated,GeoPlace
3159273,2025-09-24,2025-09-25T00:00:00.000Z,NULL,New,Address,Postcode Address File,NULL,NULL,NULL,NULL,23,NULL,PORTER PARK,NULL,NULL,BELFAST,BT10 0BU,Small User,1U,NULL,NULL,NULL,NULL,NULL,NULL,2016-01-18,2016-01-18,142379.86,525484.02,54.5588064,-5.9861506,Central Internal Position,Matched UPRN,NULL,NULL,185084650,Built Address,Direct,2016-03-16,Automated,GeoPlace
3159275,2025-09-24,2025-09-25T00:00:00.000Z,NULL,New,Address,Postcode Address File,NULL,NULL,NULL,NULL,25,NULL,PORTER PARK,NULL,NULL,BELFAST,BT10 0BU,Small User,1X,NULL,NULL,NULL,NULL,NULL,NULL,2016-01-18,2016-01-18,142374.54,525480.46,54.5587718,-5.9862296,Central Internal Position,Matched UPRN,NULL,NULL,185084652,Built Address,Direct,2016-03-16,Automated,GeoPlace
3159283,2025-09-24,2025-09-25T00:00:00.000Z,NULL,New,Address,Postcode Address File,NULL,NULL,NULL,NULL,8,NULL,PORTER PARK,NULL,NULL,BELFAST,BT10 0BU,Small User,2G,NULL,NULL,NULL,NULL,NULL,NULL,2016-01-18,2016-01-18,142416.82,525481.86,54.5588059,-5.9855787,Central Internal Position,Matched UPRN,NULL,NULL,185084660,Built Address,Direct,2016-03-16,Automated,GeoPlace
3159316,2025-09-24,2025-09-25T00:00:00.000Z,NULL,New,Address,Postcode Address File,FINAGHY HEALTH CENTRE,NULL,NULL,13-25,NULL,NULL,FINAGHY ROAD SOUTH,NULL,NULL,BELFAST,BT10 0BX,Large User,1A,NULL,NULL,NULL,NULL,NULL,NULL,2016-01-18,2016-01-18,142494.96,525620.74,54.5600906,-5.9844949,General Internal Position,Matched UPRN,NULL,NULL,191013145,Built Address,Parent,2025-08-22,Automated,GeoPlace
3162331,2025-09-24,2025-09-25T00:00:00.000Z,NULL,New,Address,Postcode Address File,HUNTER HOUSE COLLEGE,NULL,NULL,NULL,NULL,NULL,UPPER LISBURN ROAD,NULL,FINAGHY,BELFAST,BT10 0LE,Large User,1A,NULL,NULL,NULL,NULL,NULL,NULL,2016-01-18,2016-01-18,141982.64,525252.99,54.5565329,-5.9920753,Street Location,Matched UPRN,NULL,NULL,191012119,Non Addressable Object,Street,2025-07-24,Unknown,GeoPlace
3162332,2025-09-24,2025-09-25T00:00:00.000Z,NULL,New,Address,Postcode Address File,RATHMORE GRAMMAR SCHOOL,NULL,NULL,NULL,NULL,NULL,KINGSWAY,NULL,FINAGHY,BELFAST,BT10 0LF,Large User,1A,NULL,NULL,NULL,NULL,NULL,NULL,2016-01-18,2016-01-18,141974.19,524508.85,54.5498574,-5.9915532,Central Internal Position,Matched UPRN,NULL,NULL,185877734,Built Address,Direct,2025-07-25,Automated,GeoPlace
3160016,2025-09-24,2025-09-25T00:00:00.000Z,NULL,New,Address,Postcode Address File,NULL,NULL,NULL,NULL,1,NULL,GARRON CRESCENT,NULL,NULL,BELFAST,BT10 0EQ,Small User,1A,NULL,NULL,NULL,NULL,NULL,NULL,2016-01-18,2016-01-18,143022.81,525278.43,54.5572901,-5.9760532,Central Internal Position,Matched UPRN,NULL,NULL,185085388,Built Address,Direct,2016-03-16,Automated,GeoPlace
3160017,2025-09-24,2025-09-25T00:00:00.000Z,NULL,New,Address,Postcode Address File,NULL,NULL,NULL,NULL,10,NULL,GARRON CRESCENT,NULL,NULL,BELFAST,BT10 0EQ,Small User,1B,NULL,NULL,NULL,NULL,NULL,NULL,2016-01-18,2016-01-18,142988.24,525273.36,54.5572271,-5.9765819,Central Internal Position,Matched UPRN,NULL,NULL,185085389,Built Address,Direct,2016-03-16,Automated,GeoPlace
3160018,2025-09-24,2025-09-25T00:00:00.000Z,NULL,New,Address,Postcode Address File,NULL,NULL,NULL,NULL,11,NULL,GARRON CRESCENT,NULL,NULL,BELFAST,BT10 0EQ,Small User,1D,NULL,NULL,NULL,NULL,NULL,NULL,2016-01-18,2016-01-18,142996.35,525297.76,54.5574499,-5.9764781,Central Internal Position,Matched UPRN,NULL,NULL,185085390,Built Address,Direct,2016-03-16,Automated,GeoPlace
3160019,2025-09-24,2025-09-25T00:00:00.000Z,NULL,New,Address,Postcode Address File,NULL,NULL,NULL,NULL,12,NULL,GARRON CRESCENT,NULL,NULL,BELFAST,BT10 0EQ,Small User,1E,NULL,NULL,NULL,NULL,NULL,NULL,2016-01-18,2016-01-18,142982.60,525277.85,54.5572645,-5.9766728,Central Internal Position,Matched UPRN,NULL,NULL,185085391,Built Address,Direct,2016-03-16,Automated,GeoPlace
3160020,2025-09-24,2025-09-25T00:00:00.000Z,NULL,New,Address,Postcode Address File,NULL,NULL,NULL,NULL,13,NULL,GARRON CRESCENT,NULL,NULL,BELFAST,BT10 0EQ,Small User,1F,NULL,NULL,NULL,NULL,NULL,NULL,2016-01-18,2016-01-18,142989.06,525306.41,54.5575238,-5.9765981,Central Internal Position,Matched UPRN,NULL,NULL,185085392,Built Address,Direct,2016-03-16,Automated,GeoPlace
3160023,2025-09-24,2025-09-25T00:00:00.000Z,NULL,New,Address,Postcode Address File,NULL,NULL,NULL,NULL,16,NULL,GARRON CRESCENT,NULL,NULL,BELFAST,BT10 0EQ,Small User,1J,NULL,NULL,NULL,NULL,NULL,NULL,2016-01-18,2016-01-18,142967.26,525286.19,54.5573315,-5.9769168,Central Internal Position,Matched UPRN,NULL,NULL,185085395,Built Address,Direct,2016-03-16,Automated,GeoPlace
3160024,2025-09-24,2025-09-25T00:00:00.000Z,NULL,New,Address,Postcode Address File,NULL,NULL,NULL,NULL,17,NULL,GARRON CRESCENT,NULL,NULL,BELFAST,BT10 0EQ,Small User,1L,NULL,NULL,NULL,NULL,NULL,NULL,2016-01-18,2016-01-18,142978.70,525314.33,54.5575895,-5.9767649,Central Internal Position,Matched UPRN,NULL,NULL,185085396,Built Address,Direct,2016-03-16,Automated,GeoPlace
3160026,2025-09-24,2025-09-25T00:00:00.000Z,NULL,New,Address,Postcode Address File,NULL,NULL,NULL,NULL,19,NULL,GARRON CRESCENT,NULL,NULL,BELFAST,BT10 0EQ,Small User,1P,NULL,NULL,NULL,NULL,NULL,NULL,2016-01-18,2016-01-18,142972.89,525316.83,54.5576090,-5.9768567,Central Internal Position,Matched UPRN,NULL,NULL,185085398,Built Address,Direct,2016-03-16,Automated,GeoPlace
3160028,2025-09-24,2025-09-25T00:00:00.000Z,NULL,New,Address,Postcode Address File,NULL,NULL,NULL,NULL,20,NULL,GARRON CRESCENT,NULL,NULL,BELFAST,BT10 0EQ,Small User,1R,NULL,NULL,NULL,NULL,NULL,NULL,2016-01-18,2016-01-18,142952.16,525297.52,54.5574254,-5.9771595,Central Internal Position,Matched UPRN,NULL,NULL,185085400,Built Address,Direct,2016-03-16,Automated,GeoPlace
3160029,2025-09-24,2025-09-25T00:00:00.000Z,NULL,New,Address,Postcode Address File,NULL,NULL,NULL,NULL,21,NULL,GARRON CRESCENT,NULL,NULL,BELFAST,BT10 0EQ,Small User,1S,NULL,NULL,NULL,NULL,NULL,NULL,2016-01-18,2016-01-18,142963.18,525320.67,54.5576385,-5.9770098,Central Internal Position,Matched UPRN,NULL,NULL,185085401,Built Address,Direct,2016-03-16,Automated,GeoPlace
3160030,2025-09-24,2025-09-25T00:00:00.000Z,NULL,New,Address,Postcode Address File,NULL,NULL,NULL,NULL,22,NULL,GARRON CRESCENT,NULL,NULL,BELFAST,BT10 0EQ,Small User,1T,NULL,NULL,NULL,NULL,NULL,NULL,2016-01-18,2016-01-18,142946.35,525300.03,54.5574449,-5.9772513,Central Internal Position,Matched UPRN,NULL,NULL,185085402,Built Address,Direct,2016-03-16,Automated,GeoPlace
3160033,2025-09-24,2025-09-25T00:00:00.000Z,NULL,New,Address,Postcode Address File,NULL,NULL,NULL,NULL,25,NULL,GARRON CRESCENT,NULL,NULL,BELFAST,BT10 0EQ,Small User,1X,NULL,NULL,NULL,NULL,NULL,NULL,2016-01-18,2016-01-18,142951.73,525327.68,54.5576955,-5.9771925,Central Internal Position,Matched UPRN,NULL,NULL,185085405,Built Address,Direct,2016-03-16,Automated,GeoPlace
3160035,2025-09-24,2025-09-25T00:00:00.000Z,NULL,New,Address,Postcode Address File,NULL,NULL,NULL,NULL,27,NULL,GARRON CRESCENT,NULL,NULL,BELFAST,BT10 0EQ,Small User,1Z,NULL,NULL,NULL,NULL,NULL,NULL,2016-01-18,2016-01-18,142946.01,525331.18,54.5577240,-5.9772839,Central Internal Position,Matched UPRN,NULL,NULL,185085407,Built Address,Direct,2016-03-16,Automated,GeoPlace
3160036,2025-09-24,2025-09-25T00:00:00.000Z,NULL,New,Address,Postcode Address File,NULL,NULL,NULL,NULL,28,NULL,GARRON CRESCENT,NULL,NULL,BELFAST,BT10 0EQ,Small User,2A,NULL,NULL,NULL,NULL,NULL,NULL,2016-01-18,2016-01-18,142928.27,525311.61,54.5575396,-5.9775404,Central Internal Position,Matched UPRN,NULL,NULL,185085408,Built Address,Direct,2016-03-16,Automated,GeoPlace
3160037,2025-09-24,2025-09-25T00:00:00.000Z,NULL,New,Address,Postcode Address File,NULL,NULL,NULL,NULL,29,NULL,GARRON CRESCENT,NULL,NULL,BELFAST,BT10 0EQ,Small User,2B,NULL,NULL,NULL,NULL,NULL,NULL,2016-01-18,2016-01-18,142939.54,525337.75,54.5577797,-5.9773893,Central Internal Position,Matched UPRN,NULL,NULL,185878196,Built Address,Direct,2016-03-16,Automated,GeoPlace
3160038,2025-09-24,2025-09-25T00:00:00.000Z,NULL,New,Address,Postcode Address File,NULL,NULL,NULL,NULL,3,NULL,GARRON CRESCENT,NULL,NULL,BELFAST,BT10 0EQ,Small User,2D,NULL,NULL,NULL,NULL,NULL,NULL,2016-01-18,2016-01-18,143018.17,525282.84,54.5573273,-5.9761286,Central Internal Position,Matched UPRN,NULL,NULL,185085410,Built Address,Direct,2016-03-16,Automated,GeoPlace
3160039,2025-09-24,2025-09-25T00:00:00.000Z,NULL,New,Address,Postcode Address File,NULL,NULL,NULL,NULL,30,NULL,GARRON CRESCENT,NULL,NULL,BELFAST,BT10 0EQ,Small User,2E,NULL,NULL,NULL,NULL,NULL,NULL,2016-01-18,2016-01-18,142922.55,525315.12,54.5575681,-5.9776317,Central Internal Position,Matched UPRN,NULL,NULL,185085411,Built Address,Direct,2016-03-16,Automated,GeoPlace
3160040,2025-09-24,2025-09-25T00:00:00.000Z,NULL,New,Address,Postcode Address File,NULL,NULL,NULL,NULL,31,NULL,GARRON CRESCENT,NULL,NULL,BELFAST,BT10 0EQ,Small User,2F,NULL,NULL,NULL,NULL,NULL,NULL,2016-01-18,2016-01-18,142934.65,525339.18,54.5577899,-5.9774661,Central Internal Position,Matched UPRN,NULL,NULL,185878194,Built Address,Direct,2016-03-16,Automated,GeoPlace
3160041,2025-09-24,2025-09-25T00:00:00.000Z,NULL,New,Address,Postcode Address File,NULL,NULL,NULL,NULL,32,NULL,GARRON CRESCENT,NULL,NULL,BELFAST,BT10 0EQ,Small User,2G,NULL,NULL,NULL,NULL,NULL,NULL,2016-01-18,2016-01-18,142911.84,525319.04,54.5575979,-5.9778003,Central Internal Position,Matched UPRN,NULL,NULL,185085413,Built Address,Direct,2016-03-16,Automated,GeoPlace
3160042,2025-09-24,2025-09-25T00:00:00.000Z,NULL,New,Address,Postcode Address File,NULL,NULL,NULL,NULL,33,NULL,GARRON CRESCENT,NULL,NULL,BELFAST,BT10 0EQ,Small User,2H,NULL,NULL,NULL,NULL,NULL,NULL,2016-01-18,2016-01-18,142897.89,525355.37,54.5579165,-5.9780473,Central Internal Position,Matched UPRN,NULL,NULL,185085414,Built Address,Direct,2016-03-16,Automated,GeoPlace
3160043,2025-09-24,2025-09-25T00:00:00.000Z,NULL,New,Address,Postcode Address File,NULL,NULL,NULL,NULL,34,NULL,GARRON CRESCENT,NULL,NULL,BELFAST,BT10 0EQ,Small User,2J,NULL,NULL,NULL,NULL,NULL,NULL,2016-01-18,2016-01-18,142906.12,525322.54,54.5576263,-5.9778916,Central Internal Position,Matched UPRN,NULL,NULL,185085415,Built Address,Direct,2016-03-16,Automated,GeoPlace
3160044,2025-09-24,2025-09-25T00:00:00.000Z,NULL,New,Address,Postcode Address File,NULL,NULL,NULL,NULL,35,NULL,GARRON CRESCENT,NULL,NULL,BELFAST,BT10 0EQ,Small User,2L,NULL,NULL,NULL,NULL,NULL,NULL,2016-01-18,2016-01-18,142892.08,525357.88,54.5579360,-5.9781391,Central Internal Position,Matched UPRN,NULL,NULL,185085416,Built Address,Direct,2016-03-16,Automated,GeoPlace
3160045,2025-09-24,2025-09-25T00:00:00.000Z,NULL,New,Address,Postcode Address File,NULL,NULL,NULL,NULL,36,NULL,GARRON CRESCENT,NULL,NULL,BELFAST,BT10 0EQ,Small User,2N,NULL,NULL,NULL,NULL,NULL,NULL,2016-01-18,2016-01-18,142900.23,525324.05,54.5576369,-5.9779839,Central Internal Position,Matched UPRN,NULL,NULL,185878169,Built Address,Direct,2016-03-16,Automated,GeoPlace
3160046,2025-09-24,2025-09-25T00:00:00.000Z,NULL,New,Address,Postcode Address File,NULL,NULL,NULL,NULL,37,NULL,GARRON CRESCENT,NULL,NULL,BELFAST,BT10 0EQ,Small User,2P,NULL,NULL,NULL,NULL,NULL,NULL,2016-01-18,2016-01-18,142885.36,525361.46,54.5579647,-5.9782459,Central Internal Position,Matched UPRN,NULL,NULL,185085418,Built Address,Direct,2016-03-16,Automated,GeoPlace
3160047,2025-09-24,2025-09-25T00:00:00.000Z,NULL,New,Address,Postcode Address File,NULL,NULL,NULL,NULL,38,NULL,GARRON CRESCENT,NULL,NULL,BELFAST,BT10 0EQ,Small User,2Q,NULL,NULL,NULL,NULL,NULL,NULL,2016-01-18,2016-01-18,142889.78,525330.97,54.5576936,-5.9781511,Central Internal Position,Matched UPRN,NULL,NULL,185085419,Built Address,Direct,2016-03-16,Automated,GeoPlace
3160048,2025-09-24,2025-09-25T00:00:00.000Z,NULL,New,Address,Postcode Address File,NULL,NULL,NULL,NULL,39,NULL,GARRON CRESCENT,NULL,NULL,BELFAST,BT10 0EQ,Small User,2R,NULL,NULL,NULL,NULL,NULL,NULL,2016-01-18,2016-01-18,142878.47,525363.06,54.5579755,-5.9783536,Central Internal Position,Matched UPRN,NULL,NULL,185085420,Built Address,Direct,2016-03-16,Automated,GeoPlace
3160049,2025-09-24,2025-09-25T00:00:00.000Z,NULL,New,Address,Postcode Address File,NULL,NULL,NULL,NULL,4,NULL,GARRON CRESCENT,NULL,NULL,BELFAST,BT10 0EQ,Small User,2S,NULL,NULL,NULL,NULL,NULL,NULL,2016-01-18,2016-01-18,143004.25,525260.94,54.5571239,-5.9763242,Central Internal Position,Matched UPRN,NULL,NULL,185085421,Built Address,Direct,2016-03-16,Automated,GeoPlace
3160050,2025-09-24,2025-09-25T00:00:00.000Z,NULL,New,Address,Postcode Address File,NULL,NULL,NULL,NULL,40,NULL,GARRON CRESCENT,NULL,NULL,BELFAST,BT10 0EQ,Small User,2T,NULL,NULL,NULL,NULL,NULL,NULL,2016-01-18,2016-01-18,142883.97,525333.47,54.5577131,-5.9782429,Central Internal Position,Matched UPRN,NULL,NULL,185085422,Built Address,Direct,2016-03-16,Automated,GeoPlace
3160051,2025-09-24,2025-09-25T00:00:00.000Z,NULL,New,Address,Postcode Address File,NULL,NULL,NULL,NULL,41,NULL,GARRON CRESCENT,NULL,NULL,BELFAST,BT10 0EQ,Small User,2U,NULL,NULL,NULL,NULL,NULL,NULL,2016-01-18,2016-01-18,142872.66,525365.56,54.5579950,-5.9784454,Central Internal Position,Matched UPRN,NULL,NULL,185085423,Built Address,Direct,2016-03-16,Automated,GeoPlace
3160052,2025-09-24,2025-09-25T00:00:00.000Z,NULL,New,Address,Postcode Address File,NULL,NULL,NULL,NULL,42,NULL,GARRON CRESCENT,NULL,NULL,BELFAST,BT10 0EQ,Small User,2W,NULL,NULL,NULL,NULL,NULL,NULL,2016-01-18,2016-01-18,142877.16,525336.06,54.5577328,-5.9783502,Central Internal Position,Matched UPRN,NULL,NULL,185085424,Built Address,Direct,2016-03-16,Automated,GeoPlace
3160053,2025-09-24,2025-09-25T00:00:00.000Z,NULL,New,Address,Postcode Address File,NULL,NULL,NULL,NULL,43,NULL,GARRON CRESCENT,NULL,NULL,BELFAST,BT10 0EQ,Small User,2X,NULL,NULL,NULL,NULL,NULL,NULL,2016-01-18,2016-01-18,142866.85,525368.07,54.5580145,-5.9785372,Central Internal Position,Matched UPRN,NULL,NULL,185085425,Built Address,Direct,2016-03-16,Automated,GeoPlace
3160054,2025-09-24,2025-09-25T00:00:00.000Z,NULL,New,Address,Postcode Address File,NULL,NULL,NULL,NULL,44,NULL,GARRON CRESCENT,NULL,NULL,BELFAST,BT10 0EQ,Small User,2Y,NULL,NULL,NULL,NULL,NULL,NULL,2016-01-18,2016-01-18,142871.35,525338.57,54.5577523,-5.9784419,Central Internal Position,Matched UPRN,NULL,NULL,185085426,Built Address,Direct,2016-03-16,Automated,GeoPlace
3160055,2025-09-24,2025-09-25T00:00:00.000Z,NULL,New,Address,Postcode Address File,NULL,NULL,NULL,NULL,45,NULL,GARRON CRESCENT,NULL,NULL,BELFAST,BT10 0EQ,Small User,2Z,NULL,NULL,NULL,NULL,NULL,NULL,2016-01-18,2016-01-18,142857.14,525371.91,54.5580440,-5.9786903,Central Internal Position,Matched UPRN,NULL,NULL,185085427,Built Address,Direct,2016-03-16,Automated,GeoPlace
3160056,2025-09-24,2025-09-25T00:00:00.000Z,NULL,New,Address,Postcode Address File,NULL,NULL,NULL,NULL,46,NULL,GARRON CRESCENT,NULL,NULL,BELFAST,BT10 0EQ,Small User,3A,NULL,NULL,NULL,NULL,NULL,NULL,2016-01-18,2016-01-18,142862.89,525345.32,54.5578085,-5.9785783,Central Internal Position,Matched UPRN,NULL,NULL,185085428,Built Address,Direct,2016-03-16,Automated,GeoPlace
3160057,2025-09-24,2025-09-25T00:00:00.000Z,NULL,New,Address,Postcode Address File,NULL,NULL,NULL,NULL,47,NULL,GARRON CRESCENT,NULL,NULL,BELFAST,BT10 0EQ,Small User,3B,NULL,NULL,NULL,NULL,NULL,NULL,2016-01-18,2016-01-18,142851.33,525374.41,54.5580635,-5.9787821,Central Internal Position,Matched UPRN,NULL,NULL,185085429,Built Address,Direct,2016-03-16,Automated,GeoPlace
3160058,2025-09-24,2025-09-25T00:00:00.000Z,NULL,New,Address,Postcode Address File,NULL,NULL,NULL,NULL,48,NULL,GARRON CRESCENT,NULL,NULL,BELFAST,BT10 0EQ,Small User,3D,NULL,NULL,NULL,NULL,NULL,NULL,2016-01-18,2016-01-18,142856.92,525345.83,54.5578101,-5.9786710,Central Internal Position,Matched UPRN,NULL,NULL,185878165,Built Address,Direct,2016-03-16,Automated,GeoPlace
3160061,2025-09-24,2025-09-25T00:00:00.000Z,NULL,New,Address,Postcode Address File,NULL,NULL,NULL,NULL,50,NULL,GARRON CRESCENT,NULL,NULL,BELFAST,BT10 0EQ,Small User,3G,NULL,NULL,NULL,NULL,NULL,NULL,2016-01-18,2016-01-18,142848.12,525348.59,54.5578304,-5.9788091,Central Internal Position,Matched UPRN,NULL,NULL,185085433,Built Address,Direct,2016-03-16,Automated,GeoPlace
3160062,2025-09-24,2025-09-25T00:00:00.000Z,NULL,New,Address,Postcode Address File,NULL,NULL,NULL,NULL,52,NULL,GARRON CRESCENT,NULL,NULL,BELFAST,BT10 0EQ,Small User,3H,NULL,NULL,NULL,NULL,NULL,NULL,2016-01-18,2016-01-18,142843.30,525351.01,54.5578496,-5.9788855,Central Internal Position,Matched UPRN,NULL,NULL,185085434,Built Address,Direct,2016-03-16,Automated,GeoPlace
3160063,2025-09-24,2025-09-25T00:00:00.000Z,NULL,New,Address,Postcode Address File,NULL,NULL,NULL,NULL,54,NULL,GARRON CRESCENT,NULL,NULL,BELFAST,BT10 0EQ,Small User,3J,NULL,NULL,NULL,NULL,NULL,NULL,2016-01-18,2016-01-18,142835.50,525353.68,54.5578696,-5.9790081,Central Internal Position,Matched UPRN,NULL,NULL,185085435,Built Address,Direct,2016-03-16,Automated,GeoPlace
3160064,2025-09-24,2025-09-25T00:00:00.000Z,NULL,New,Address,Postcode Address File,NULL,NULL,NULL,NULL,6,NULL,GARRON CRESCENT,NULL,NULL,BELFAST,BT10 0EQ,Small User,3L,NULL,NULL,NULL,NULL,NULL,NULL,2016-01-18,2016-01-18,142998.61,525265.44,54.5571614,-5.9764151,Central Internal Position,Matched UPRN,NULL,NULL,185085436,Built Address,Direct,2016-03-16,Automated,GeoPlace
3160065,2025-09-24,2025-09-25T00:00:00.000Z,NULL,New,Address,Postcode Address File,NULL,NULL,NULL,NULL,7,NULL,GARRON CRESCENT,NULL,NULL,BELFAST,BT10 0EQ,Small User,3N,NULL,NULL,NULL,NULL,NULL,NULL,2016-01-18,2016-01-18,143006.80,525290.84,54.5573932,-5.9763109,Central Internal Position,Matched UPRN,NULL,NULL,185085437,Built Address,Direct,2016-03-16,Automated,GeoPlace
3160066,2025-09-24,2025-09-25T00:00:00.000Z,NULL,New,Address,Postcode Address File,NULL,NULL,NULL,NULL,8,NULL,GARRON CRESCENT,NULL,NULL,BELFAST,BT10 0EQ,Small User,3P,NULL,NULL,NULL,NULL,NULL,NULL,2016-01-18,2016-01-18,142992.88,525268.94,54.5571899,-5.9765065,Central Internal Position,Matched UPRN,NULL,NULL,185085438,Built Address,Direct,2016-03-16,Automated,GeoPlace
3160067,2025-09-24,2025-09-25T00:00:00.000Z,NULL,New,Address,Postcode Address File,NULL,NULL,NULL,NULL,9,NULL,GARRON CRESCENT,NULL,NULL,BELFAST,BT10 0EQ,Small User,3Q,NULL,NULL,NULL,NULL,NULL,NULL,2016-01-18,2016-01-18,143001.17,525295.34,54.5574307,-5.9764018,Central Internal Position,Matched UPRN,NULL,NULL,185085439,Built Address,Direct,2016-03-16,Automated,GeoPlace
3161721,2025-09-24,2025-09-25T00:00:00.000Z,NULL,New,Address,Postcode Address File,NULL,NULL,NULL,NULL,144,NULL,FINAGHY ROAD NORTH,NULL,NULL,BELFAST,BT10 0JE,Small User,1A,NULL,NULL,NULL,NULL,NULL,NULL,2023-06-08,2016-01-18,142144.43,526404.63,54.5669398,-5.9905895,General Internal Position,Matched UPRN,NULL,NULL,187681678,Prebuild Address,Direct,2017-05-13,Automated,GeoPlace
3170158,2025-09-24,2025-09-25T00:00:00.000Z,NULL,New,Address,Postcode Address File,ANDERSONSTOWN HEALTH CENTRE,NULL,NULL,BALLYOWEN HOUSE,NULL,NULL,ANDERSONSTOWN ROAD,NULL,NULL,BELFAST,BT11 9DR,Large User,1A,NULL,NULL,NULL,NULL,NULL,NULL,2016-01-18,2016-01-18,141915.23,527057.68,54.5726775,-5.9946992,Street Location,Matched UPRN,NULL,NULL,191011885,Non Addressable Object,Street,2025-07-24,Unknown,GeoPlace
3168043,2025-09-24,2025-09-25T00:00:00.000Z,NULL,New,Address,Postcode Address File,ST. MARYS CHRISTIAN BROTHERS GRAMMAR SCHOOL,NULL,NULL,147A,NULL,NULL,GLEN ROAD,NULL,NULL,BELFAST,BT11 8NR,Large User,1A,NULL,NULL,NULL,NULL,NULL,NULL,2016-01-18,2016-01-18,140277.99,527516.03,54.5759485,-6.0203672,Street Location,Matched UPRN,NULL,NULL,191009532,Non Addressable Object,Street,2025-07-24,Unknown,GeoPlace
58282536,2026-02-17,2026-02-18T00:00:00.000Z,NULL,New,Address,Postcode Address File,MANAGEMENT OFFICE,NULL,NULL,NULL,7,NULL,BLACK RIDGE CLOSE,NULL,NULL,BELFAST,BT11 8UW,Small User,1R,NULL,NULL,NULL,NULL,NULL,NULL,2026-02-13,2026-02-13,141882.97,528193.80,54.5828463,-5.9961950,General Internal Position,Matched UPRN,NULL,NULL,191062489,Prebuild Address,Parent,2026-02-13,Unknown,GeoPlace
3073972,2026-02-10,2026-02-11T00:00:00.000Z,NULL,Modified Geometry,Address,Postcode Address File,BELFAST TELEGRAPH NEWSPAPERS LTD,NULL,NULL,NULL,NULL,NULL,NULL,NULL,NULL,BELFAST,BT1 1BT,Large User,1A,NULL,NULL,NULL,NULL,NULL,2222,2016-01-18,2016-01-18,146124.07,529924.29,54.6005083,-5.9322282,Low Accuracy,Postcode Sector,NULL,NULL,NULL,NULL,Unmatched,NULL,Unknown,Unknown
57562903,2026-06-11,2026-06-12T00:00:00.000Z,NULL,Modified Geometry,Address,Postcode Address File,NULL,NULL,NULL,NULL,NULL,NULL,NULL,NULL,NULL,BELFAST,BT10 9EZ,Large User,1A,NULL,NULL,NULL,NULL,NULL,2286,2023-11-13,2023-11-13,142408.67,525568.02,54.5595738,-5.9857801,Low Accuracy,Postcode District,NULL,NULL,NULL,NULL,Unmatched,NULL,Unknown,Unknown
58222195,2026-06-11,2026-06-12T00:00:00.000Z,NULL,Modified Geometry,Address,Postcode Address File,NULL,NULL,NULL,NULL,NULL,NULL,NULL,NULL,NULL,BELFAST,BT10 9FP,Large User,1A,NULL,NULL,NULL,NULL,NULL,2437,2025-12-08,2025-12-08,142408.67,525568.02,54.5595738,-5.9857801,Low Accuracy,Postcode District,NULL,NULL,NULL,NULL,Unmatched,NULL,Unknown,Unknown
3169570,2026-08-05,2026-08-06T00:00:00.000Z,NULL,Modified Geometry,Address,Postcode Address File,NULL,NULL,NULL,UNIT 11,NULL,NULL,GLENAND CENTRE,NULL,KENNEDY WAY INDUSTRIAL ESTATE,BELFAST,BT11 9BL,Small User,1A,NULL,NULL,NULL,NULL,NULL,NULL,2016-01-18,2016-01-18,141350.21,526952.61,54.5714463,-6.0033250,Low Accuracy,Postcode Sector,NULL,NULL,NULL,NULL,Unmatched,NULL,Unknown,Unknown
